{"stats":{"minecraft:killed":{"minecraft:spider":1,"minecraft:skeleton":1,"minecraft:salmon":2,"minecraft:iron_golem":9,"minecraft:creeper":1,"minecraft:glow_squid":2,"minecraft:cow":1},"minecraft:crafted":{"minecraft:jungle_button":64,"minecraft:smooth_stone":14,"minecraft:stone_shovel":1,"minecraft:barrel":3,"minecraft:lightning_rod":1,"minecraft:birch_slab":24,"minecraft:furnace":2,"minecraft:blast_furnace":2,"minecraft:stone":25,"minecraft:bone_meal":36,"minecraft:iron_axe":2,"minecraft:melon_seeds":1,"minecraft:stone_pickaxe":10,"minecraft:chest":3,"minecraft:birch_sign":3,"minecraft:smoker":2,"minecraft:cooked_beef":1,"minecraft:emerald":34,"minecraft:crafting_table":3,"minecraft:jungle_boat":1,"minecraft:spruce_planks":428,"minecraft:smithing_table":1,"minecraft:cooked_salmon":2,"minecraft:copper_ingot":12,"minecraft:fletching_table":3,"minecraft:birch_planks":156,"minecraft:jungle_slab":18,"minecraft:bread":72,"minecraft:jungle_planks":540,"minecraft:air":0,"minecraft:spruce_trapdoor":10,"minecraft:dark_oak_slab":126,"minecraft:paper":3,"minecraft:stick":765,"minecraft:iron_pickaxe":1,"minecraft:birch_trapdoor":10,"minecraft:iron_shovel":2,"minecraft:pumpkin_pie":24,"minecraft:torch":4},"minecraft:mined":{"minecraft:spruce_planks":117,"minecraft:jungle_leaves":12,"minecraft:potted_cactus":2,"minecraft:brewing_stand":1,"minecraft:granite":4,"minecraft:grass_block":8,"minecraft:jungle_planks":33,"minecraft:jungle_log":179,"minecraft:birch_slab":6,"minecraft:spruce_leaves":4,"minecraft:composter":9,"minecraft:sandstone":5,"minecraft:smooth_stone":1,"minecraft:spruce_sapling":5,"minecraft:fletching_table":6,"minecraft:dark_oak_stairs":1,"minecraft:white_glazed_terracotta":1,"minecraft:bell":1,"minecraft:vine":3,"minecraft:water_cauldron":1,"minecraft:birch_wall_sign":1,"minecraft:stone":44,"minecraft:green_bed":6,"minecraft:smithing_table":1,"minecraft:sandstone_slab":3,"minecraft:cut_sandstone":9,"minecraft:smoker":2,"minecraft:smooth_sandstone":17,"minecraft:crafting_table":3,"minecraft:short_grass":2,"minecraft:blast_furnace":2,"minecraft:chest":6,"minecraft:dead_bush":3,"minecraft:lightning_rod":1,"minecraft:cobblestone":13,"minecraft:copper_ore":5,"minecraft:cyan_bed":5,"minecraft:oak_planks":1,"minecraft:sugar_cane":1,"minecraft:smooth_sandstone_slab":1,"minecraft:wall_torch":1,"minecraft:birch_sapling":1,"minecraft:birch_planks":12,"minecraft:lime_bed":19,"minecraft:dark_oak_slab":11,"minecraft:sea_pickle":5,"minecraft:birch_log":8,"minecraft:birch_trapdoor":7,"minecraft:spruce_log":100,"minecraft:jungle_fence":3,"minecraft:coal_ore":30,"minecraft:cocoa":1,"minecraft:dark_oak_sapling":1,"minecraft:gravel":50,"minecraft:sand":308,"minecraft:dirt":2,"minecraft:terracotta":1,"minecraft:stonecutter":1,"minecraft:oak_leaves":5},"minecraft:used":{"minecraft:iron_shovel":305,"minecraft:stone_shovel":38,"minecraft:spruce_planks":284,"minecraft:chest":4,"minecraft:bell":1,"minecraft:cooked_salmon":2,"minecraft:torch":1,"minecraft:dirt":10,"minecraft:jungle_planks":51,"minecraft:jungle_slab":3,"minecraft:iron_axe":611,"minecraft:birch_sapling":1,"minecraft:dark_oak_slab":111,"minecraft:barrel":3,"minecraft:birch_trapdoor":8,"minecraft:jungle_button":9,"minecraft:cooked_beef":1,"minecraft:dark_oak_stairs":1,"minecraft:water_bucket":29,"minecraft:birch_planks":54,"minecraft:jungle_fence":1,"minecraft:cut_sandstone":3,"minecraft:composter":8,"minecraft:fletching_table":8,"minecraft:jungle_boat":1,"minecraft:sand":43,"minecraft:lime_bed":13,"minecraft:crafting_table":5,"minecraft:blast_furnace":3,"minecraft:spruce_log":2,"minecraft:smoker":3,"minecraft:lightning_rod":1,"minecraft:apple":2,"minecraft:bread":31,"minecraft:birch_slab":6,"minecraft:cyan_bed":1,"minecraft:melon_slice":2,"minecraft:iron_pickaxe":174,"minecraft:spruce_trapdoor":10,"minecraft:spruce_sapling":19,"minecraft:gravel":39,"minecraft:cobblestone":58,"minecraft:cooked_porkchop":1,"minecraft:smithing_table":2,"minecraft:bucket":29,"minecraft:birch_log":3,"minecraft:pumpkin_pie":3,"minecraft:bone_meal":12,"minecraft:smooth_stone":1},"minecraft:picked_up":{"minecraft:cocoa_beans":3,"minecraft:crafting_table":4,"minecraft:wheat":36,"minecraft:sandstone_slab":3,"minecraft:flower_pot":2,"minecraft:smithing_table":1,"minecraft:brewing_stand":1,"minecraft:shield":1,"minecraft:raw_copper":12,"minecraft:iron_axe":1,"minecraft:cooked_salmon":1,"minecraft:sea_pickle":10,"minecraft:smooth_stone":1,"minecraft:spruce_planks":109,"minecraft:beef":1,"minecraft:jungle_sapling":2,"minecraft:poppy":7,"minecraft:iron_pickaxe":1,"minecraft:melon_slice":1,"minecraft:sugar_cane":5,"minecraft:chest":6,"minecraft:birch_sapling":3,"minecraft:stick":47,"minecraft:dark_oak_sapling":2,"minecraft:white_glazed_terracotta":1,"minecraft:sandstone":5,"minecraft:stone":2,"minecraft:birch_trapdoor":7,"minecraft:composter":9,"minecraft:copper_ingot":3,"minecraft:torch":2,"minecraft:green_bed":6,"minecraft:lightning_rod":1,"minecraft:cauldron":1,"minecraft:dark_oak_planks":65,"minecraft:smooth_sandstone_slab":1,"minecraft:cactus":15,"minecraft:rotten_flesh":4,"minecraft:cobblestone":159,"minecraft:birch_log":15,"minecraft:lime_bed":19,"minecraft:jungle_log":222,"minecraft:water_bucket":1,"minecraft:glow_ink_sac":4,"minecraft:birch_slab":22,"minecraft:salmon":2,"minecraft:cut_sandstone":9,"minecraft:jungle_fence":5,"minecraft:smoker":2,"minecraft:birch_planks":58,"minecraft:flint":7,"minecraft:gunpowder":2,"minecraft:dirt":13,"minecraft:smooth_sandstone":13,"minecraft:stonecutter":1,"minecraft:stone_pickaxe":12,"minecraft:wheat_seeds":1,"minecraft:bell":1,"minecraft:rabbit_hide":1,"minecraft:iron_ingot":36,"minecraft:fletching_table":6,"minecraft:rabbit":1,"minecraft:dark_oak_stairs":1,"minecraft:green_dye":1,"minecraft:dark_oak_slab":44,"minecraft:gravel":42,"minecraft:sand":297,"minecraft:jungle_planks":18,"minecraft:spruce_sapling":37,"minecraft:blast_furnace":2,"minecraft:spruce_log":203,"minecraft:dead_bush":8,"minecraft:cyan_bed":5,"minecraft:granite":4,"minecraft:birch_sign":1,"minecraft:bone_meal":24,"minecraft:bread":21,"minecraft:terracotta":1,"minecraft:oak_sapling":2,"minecraft:coal":101},"minecraft:broken":{"minecraft:iron_shovel":1,"minecraft:iron_axe":3},"minecraft:dropped":{"minecraft:bread":32,"minecraft:wheat_seeds":1,"minecraft:stick":67,"minecraft:cooked_salmon":1,"minecraft:dead_bush":4,"minecraft:pumpkin_pie":12,"minecraft:cocoa_beans":3,"minecraft:stone_shovel":1,"minecraft:rotten_flesh":4,"minecraft:oak_sapling":1,"minecraft:stone_pickaxe":22},"minecraft:custom":{"minecraft:mob_kills":17,"minecraft:interact_with_crafting_table":48,"minecraft:bell_ring":64,"minecraft:time_since_death":139824,"minecraft:climb_one_cm":7958,"minecraft:sprint_one_cm":386052,"minecraft:walk_one_cm":225141,"minecraft:drop":35,"minecraft:talked_to_villager":136,"minecraft:play_time":269921,"minecraft:deaths":1,"minecraft:sneak_time":18308,"minecraft:walk_under_water_one_cm":6317,"minecraft:boat_one_cm":3526,"minecraft:jump":2411,"minecraft:interact_with_blast_furnace":9,"minecraft:walk_on_water_one_cm":10478,"minecraft:total_world_time":269921,"minecraft:interact_with_furnace":40,"minecraft:traded_with_villager":61,"minecraft:sleep_in_bed":10,"minecraft:time_since_rest":2715,"minecraft:damage_taken":1444,"minecraft:damage_dealt":8868,"minecraft:swim_one_cm":45648,"minecraft:fly_one_cm":524817,"minecraft:open_chest":61,"minecraft:crouch_one_cm":50963,"minecraft:interact_with_smoker":9,"minecraft:fall_one_cm":48772}},"DataVersion":3955}