{"stats":{"minecraft:used":{"minecraft:flint_and_steel":10,"minecraft:iron_shovel":345,"minecraft:stone_shovel":38,"minecraft:chest":6,"minecraft:spruce_planks":327,"minecraft:stone":3,"minecraft:bell":4,"minecraft:cooked_salmon":2,"minecraft:rotten_flesh":1,"minecraft:torch":1,"minecraft:dirt":18,"minecraft:hopper":10,"minecraft:jungle_planks":98,"minecraft:jungle_slab":10,"minecraft:granite":5,"minecraft:lava_bucket":1,"minecraft:villager_spawn_egg":3,"minecraft:iron_axe":923,"minecraft:birch_sapling":1,"minecraft:smooth_sandstone":11,"minecraft:dark_oak_slab":111,"minecraft:barrel":5,"minecraft:birch_trapdoor":8,"minecraft:jungle_button":494,"minecraft:cooked_beef":1,"minecraft:dark_oak_stairs":1,"minecraft:water_bucket":43,"minecraft:birch_planks":58,"minecraft:jungle_fence":1,"minecraft:cut_sandstone":10,"minecraft:sandstone":14,"minecraft:composter":8,"minecraft:spruce_sign":6,"minecraft:green_bed":4,"minecraft:fletching_table":8,"minecraft:cobblestone_slab":28,"minecraft:jungle_boat":3,"minecraft:sand":75,"minecraft:blast_furnace":3,"minecraft:lime_bed":18,"minecraft:crafting_table":12,"minecraft:smoker":3,"minecraft:lightning_rod":1,"minecraft:spruce_log":5,"minecraft:apple":2,"minecraft:bread":56,"minecraft:birch_slab":6,"minecraft:cyan_bed":1,"minecraft:melon_slice":2,"minecraft:iron_pickaxe":294,"minecraft:spruce_trapdoor":10,"minecraft:spruce_sapling":31,"minecraft:gravel":39,"minecraft:stone_axe":13,"minecraft:jungle_sign":13,"minecraft:cobblestone":70,"minecraft:cooked_porkchop":1,"minecraft:smithing_table":5,"minecraft:bucket":43,"minecraft:birch_log":3,"minecraft:pumpkin_pie":12,"minecraft:bone_meal":17,"minecraft:smooth_stone":1},"minecraft:killed_by":{"minecraft:husk":1,"minecraft:iron_golem":1,"minecraft:skeleton":3},"minecraft:crafted":{"minecraft:jungle_button":456,"minecraft:smooth_stone":14,"minecraft:cobblestone_slab":24,"minecraft:stone_shovel":11,"minecraft:barrel":4,"minecraft:lightning_rod":1,"minecraft:birch_slab":24,"minecraft:furnace":2,"minecraft:blast_furnace":2,"minecraft:stone":25,"minecraft:bone_meal":36,"minecraft:flint_and_steel":1,"minecraft:hopper":3,"minecraft:iron_axe":4,"minecraft:melon_seeds":1,"minecraft:stone_pickaxe":10,"minecraft:chest":7,"minecraft:stone_hoe":12,"minecraft:birch_sign":3,"minecraft:smoker":2,"minecraft:cooked_beef":1,"minecraft:emerald":82,"minecraft:spruce_sign":6,"minecraft:crafting_table":5,"minecraft:spruce_planks":580,"minecraft:jungle_boat":3,"minecraft:smithing_table":7,"minecraft:cooked_salmon":2,"minecraft:copper_ingot":12,"minecraft:fletching_table":3,"minecraft:birch_planks":156,"minecraft:stone_axe":11,"minecraft:jungle_slab":18,"minecraft:bread":72,"minecraft:air":0,"minecraft:jungle_planks":796,"minecraft:spruce_trapdoor":10,"minecraft:dark_oak_slab":126,"minecraft:paper":3,"minecraft:iron_ingot":1449,"minecraft:stick":765,"minecraft:iron_pickaxe":1,"minecraft:birch_trapdoor":10,"minecraft:iron_block":149,"minecraft:iron_shovel":4,"minecraft:pumpkin_pie":24,"minecraft:torch":4,"minecraft:jungle_sign":9},"minecraft:broken":{"minecraft:iron_shovel":1,"minecraft:iron_axe":3},"minecraft:dropped":{"minecraft:stone_hoe":16,"minecraft:bread":32,"minecraft:wheat_seeds":1,"minecraft:granite":1,"minecraft:jungle_planks":3,"minecraft:stick":67,"minecraft:iron_block":372,"minecraft:torch":3,"minecraft:cooked_salmon":1,"minecraft:dead_bush":4,"minecraft:pumpkin_pie":12,"minecraft:stone_axe":12,"minecraft:cocoa_beans":3,"minecraft:stone_shovel":17,"minecraft:rotten_flesh":7,"minecraft:oak_sapling":1,"minecraft:stone_pickaxe":22},"minecraft:custom":{"minecraft:mob_kills":39,"minecraft:inspect_hopper":9,"minecraft:interact_with_crafting_table":73,"minecraft:bell_ring":88,"minecraft:leave_game":1,"minecraft:time_since_death":71253,"minecraft:climb_one_cm":7958,"minecraft:sprint_one_cm":623044,"minecraft:walk_one_cm":361224,"minecraft:drop":94,"minecraft:talked_to_villager":182,"minecraft:play_time":394255,"minecraft:deaths":7,"minecraft:sneak_time":25016,"minecraft:walk_under_water_one_cm":10013,"minecraft:boat_one_cm":5166,"minecraft:jump":3985,"minecraft:interact_with_blast_furnace":9,"minecraft:walk_on_water_one_cm":25950,"minecraft:total_world_time":394255,"minecraft:interact_with_furnace":40,"minecraft:traded_with_villager":141,"minecraft:sleep_in_bed":16,"minecraft:time_since_rest":3780,"minecraft:damage_taken":4500,"minecraft:damage_dealt":16629,"minecraft:swim_one_cm":47882,"minecraft:fly_one_cm":1001766,"minecraft:open_chest":79,"minecraft:crouch_one_cm":61242,"minecraft:interact_with_smoker":9,"minecraft:fall_one_cm":88248},"minecraft:mined":{"minecraft:spruce_planks":138,"minecraft:jungle_slab":7,"minecraft:jungle_leaves":12,"minecraft:potted_cactus":2,"minecraft:brewing_stand":1,"minecraft:granite":6,"minecraft:grass_block":14,"minecraft:jungle_planks":46,"minecraft:jungle_log":179,"minecraft:birch_slab":6,"minecraft:spruce_leaves":8,"minecraft:hopper":1,"minecraft:composter":9,"minecraft:sandstone":5,"minecraft:smooth_stone":8,"minecraft:spruce_sapling":5,"minecraft:fire":3,"minecraft:barrel":2,"minecraft:fletching_table":6,"minecraft:dark_oak_stairs":1,"minecraft:white_glazed_terracotta":1,"minecraft:bell":4,"minecraft:vine":3,"minecraft:cobblestone_slab":27,"minecraft:water_cauldron":1,"minecraft:birch_wall_sign":1,"minecraft:stone":55,"minecraft:green_bed":9,"minecraft:smithing_table":1,"minecraft:jungle_button":13,"minecraft:sandstone_slab":3,"minecraft:cut_sandstone":14,"minecraft:smoker":2,"minecraft:smooth_sandstone":44,"minecraft:crafting_table":7,"minecraft:short_grass":2,"minecraft:blast_furnace":2,"minecraft:chest":6,"minecraft:dead_bush":4,"minecraft:lightning_rod":1,"minecraft:spruce_wall_sign":1,"minecraft:cobblestone":22,"minecraft:copper_ore":5,"minecraft:oak_planks":4,"minecraft:cyan_bed":5,"minecraft:sugar_cane":1,"minecraft:smooth_sandstone_slab":2,"minecraft:wall_torch":1,"minecraft:birch_sapling":1,"minecraft:birch_planks":22,"minecraft:lime_bed":23,"minecraft:dark_oak_slab":11,"minecraft:sea_pickle":5,"minecraft:birch_log":8,"minecraft:birch_trapdoor":7,"minecraft:spruce_log":294,"minecraft:jungle_fence":3,"minecraft:coal_ore":30,"minecraft:cocoa":1,"minecraft:dark_oak_sapling":1,"minecraft:gravel":50,"minecraft:sand":361,"minecraft:dirt":5,"minecraft:sandstone_wall":1,"minecraft:terracotta":1,"minecraft:stonecutter":1,"minecraft:oak_leaves":5,"minecraft:jungle_wall_sign":2},"minecraft:killed":{"minecraft:spider":1,"minecraft:skeleton":4,"minecraft:husk":8,"minecraft:salmon":2,"minecraft:iron_golem":15,"minecraft:creeper":3,"minecraft:zombie":2,"minecraft:glow_squid":2,"minecraft:cow":1},"minecraft:picked_up":{"minecraft:cocoa_beans":3,"minecraft:crafting_table":9,"minecraft:wheat":36,"minecraft:sandstone_slab":9,"minecraft:flower_pot":2,"minecraft:smithing_table":1,"minecraft:brewing_stand":1,"minecraft:shield":1,"minecraft:string":6,"minecraft:raw_copper":12,"minecraft:iron_axe":2,"minecraft:cooked_salmon":1,"minecraft:sea_pickle":10,"minecraft:smooth_stone":6,"minecraft:bucket":7,"minecraft:spruce_planks":239,"minecraft:beef":1,"minecraft:cobblestone_slab":28,"minecraft:jungle_sapling":12,"minecraft:poppy":25,"minecraft:iron_pickaxe":9,"minecraft:melon_slice":1,"minecraft:sugar_cane":86,"minecraft:chest":6,"minecraft:birch_sapling":3,"minecraft:dark_oak_sapling":2,"minecraft:white_glazed_terracotta":1,"minecraft:stick":117,"minecraft:sandstone":5,"minecraft:stone":27,"minecraft:composter":15,"minecraft:birch_trapdoor":7,"minecraft:copper_ingot":3,"minecraft:torch":26,"minecraft:green_bed":8,"minecraft:sandstone_wall":1,"minecraft:lightning_rod":1,"minecraft:dark_oak_planks":65,"minecraft:cauldron":1,"minecraft:jungle_sign":6,"minecraft:smooth_sandstone_slab":3,"minecraft:stone_shovel":6,"minecraft:cactus":15,"minecraft:arrow":4,"minecraft:rotten_flesh":25,"minecraft:pumpkin_pie":4,"minecraft:cobblestone":213,"minecraft:birch_log":15,"minecraft:lime_bed":25,"minecraft:jungle_boat":3,"minecraft:jungle_log":222,"minecraft:water_bucket":1,"minecraft:glow_ink_sac":4,"minecraft:birch_slab":22,"minecraft:salmon":2,"minecraft:cut_sandstone":31,"minecraft:jungle_fence":5,"minecraft:smoker":2,"minecraft:birch_planks":67,"minecraft:flint":13,"minecraft:jungle_button":116,"minecraft:gunpowder":18,"minecraft:dirt":23,"minecraft:smooth_sandstone":78,"minecraft:bone":9,"minecraft:stonecutter":1,"minecraft:wheat_seeds":1,"minecraft:bell":4,"minecraft:rabbit_hide":1,"minecraft:iron_ingot":98,"minecraft:stone_pickaxe":12,"minecraft:oak_planks":3,"minecraft:fletching_table":6,"minecraft:rabbit":1,"minecraft:stone_hoe":4,"minecraft:dark_oak_stairs":1,"minecraft:green_dye":1,"minecraft:dark_oak_slab":44,"minecraft:gravel":42,"minecraft:sand":1169,"minecraft:jungle_planks":87,"minecraft:spruce_sapling":44,"minecraft:blast_furnace":2,"minecraft:dead_bush":8,"minecraft:spruce_log":393,"minecraft:cyan_bed":5,"minecraft:jungle_slab":28,"minecraft:spider_eye":3,"minecraft:barrel":3,"minecraft:stone_axe":1,"minecraft:granite":22,"minecraft:bone_meal":24,"minecraft:birch_sign":1,"minecraft:spruce_sign":1,"minecraft:bread":155,"minecraft:terracotta":6,"minecraft:oak_sapling":2,"minecraft:coal":101,"minecraft:hopper":3}},"DataVersion":3955}