{"stats":{"minecraft:killed":{"minecraft:spider":1,"minecraft:skeleton":1,"minecraft:salmon":2,"minecraft:iron_golem":9,"minecraft:glow_squid":2,"minecraft:cow":1},"minecraft:crafted":{"minecraft:smooth_stone":14,"minecraft:stone_shovel":1,"minecraft:lightning_rod":1,"minecraft:birch_slab":24,"minecraft:furnace":2,"minecraft:blast_furnace":2,"minecraft:stone":25,"minecraft:bone_meal":36,"minecraft:iron_axe":2,"minecraft:melon_seeds":1,"minecraft:stone_pickaxe":10,"minecraft:chest":3,"minecraft:birch_sign":3,"minecraft:smoker":2,"minecraft:cooked_beef":1,"minecraft:emerald":26,"minecraft:crafting_table":2,"minecraft:spruce_planks":428,"minecraft:smithing_table":1,"minecraft:cooked_salmon":2,"minecraft:copper_ingot":12,"minecraft:fletching_table":2,"minecraft:birch_planks":156,"minecraft:bread":12,"minecraft:jungle_planks":92,"minecraft:air":0,"minecraft:spruce_trapdoor":10,"minecraft:dark_oak_slab":126,"minecraft:paper":3,"minecraft:stick":509,"minecraft:birch_trapdoor":10,"minecraft:torch":4},"minecraft:mined":{"minecraft:spruce_planks":97,"minecraft:potted_cactus":2,"minecraft:brewing_stand":1,"minecraft:grass_block":8,"minecraft:jungle_planks":30,"minecraft:birch_slab":6,"minecraft:spruce_leaves":4,"minecraft:composter":7,"minecraft:smooth_stone":1,"minecraft:spruce_sapling":5,"minecraft:dark_oak_stairs":1,"minecraft:white_glazed_terracotta":1,"minecraft:bell":1,"minecraft:water_cauldron":1,"minecraft:birch_wall_sign":1,"minecraft:stone":42,"minecraft:green_bed":6,"minecraft:sandstone_slab":1,"minecraft:cut_sandstone":6,"minecraft:smoker":1,"minecraft:smooth_sandstone":4,"minecraft:crafting_table":3,"minecraft:short_grass":2,"minecraft:blast_furnace":2,"minecraft:chest":6,"minecraft:dead_bush":1,"minecraft:lightning_rod":1,"minecraft:cobblestone":9,"minecraft:copper_ore":5,"minecraft:cyan_bed":5,"minecraft:sugar_cane":1,"minecraft:smooth_sandstone_slab":1,"minecraft:wall_torch":1,"minecraft:birch_sapling":1,"minecraft:birch_planks":6,"minecraft:lime_bed":11,"minecraft:dark_oak_slab":11,"minecraft:sea_pickle":5,"minecraft:birch_log":8,"minecraft:birch_trapdoor":5,"minecraft:spruce_log":99,"minecraft:jungle_fence":3,"minecraft:coal_ore":30,"minecraft:cocoa":1,"minecraft:dark_oak_sapling":1,"minecraft:gravel":35,"minecraft:sand":8,"minecraft:dirt":2,"minecraft:stonecutter":1,"minecraft:oak_leaves":5},"minecraft:used":{"minecraft:stone_shovel":38,"minecraft:spruce_planks":284,"minecraft:chest":4,"minecraft:bell":1,"minecraft:cooked_salmon":2,"minecraft:torch":1,"minecraft:dirt":10,"minecraft:iron_axe":390,"minecraft:birch_sapling":1,"minecraft:dark_oak_slab":111,"minecraft:birch_trapdoor":8,"minecraft:cooked_beef":1,"minecraft:dark_oak_stairs":1,"minecraft:water_bucket":14,"minecraft:birch_planks":12,"minecraft:jungle_fence":1,"minecraft:cut_sandstone":3,"minecraft:composter":6,"minecraft:fletching_table":1,"minecraft:lime_bed":5,"minecraft:crafting_table":4,"minecraft:blast_furnace":3,"minecraft:spruce_log":2,"minecraft:smoker":3,"minecraft:lightning_rod":1,"minecraft:apple":2,"minecraft:bread":24,"minecraft:birch_slab":6,"minecraft:cyan_bed":1,"minecraft:melon_slice":2,"minecraft:iron_pickaxe":123,"minecraft:spruce_trapdoor":10,"minecraft:spruce_sapling":19,"minecraft:gravel":24,"minecraft:cobblestone":51,"minecraft:cooked_porkchop":1,"minecraft:smithing_table":1,"minecraft:bucket":14,"minecraft:birch_log":3,"minecraft:bone_meal":12,"minecraft:smooth_stone":1},"minecraft:picked_up":{"minecraft:cocoa_beans":3,"minecraft:crafting_table":4,"minecraft:wheat":36,"minecraft:sandstone_slab":1,"minecraft:flower_pot":2,"minecraft:brewing_stand":1,"minecraft:shield":1,"minecraft:raw_copper":12,"minecraft:iron_axe":1,"minecraft:cooked_salmon":1,"minecraft:sea_pickle":10,"minecraft:smooth_stone":1,"minecraft:spruce_planks":90,"minecraft:beef":1,"minecraft:poppy":7,"minecraft:iron_pickaxe":1,"minecraft:melon_slice":1,"minecraft:sugar_cane":5,"minecraft:chest":6,"minecraft:birch_sapling":3,"minecraft:stick":42,"minecraft:dark_oak_sapling":2,"minecraft:white_glazed_terracotta":1,"minecraft:birch_trapdoor":5,"minecraft:composter":7,"minecraft:copper_ingot":3,"minecraft:torch":1,"minecraft:green_bed":6,"minecraft:lightning_rod":1,"minecraft:cauldron":1,"minecraft:dark_oak_planks":65,"minecraft:smooth_sandstone_slab":1,"minecraft:cactus":15,"minecraft:rotten_flesh":4,"minecraft:cobblestone":155,"minecraft:birch_log":15,"minecraft:lime_bed":11,"minecraft:jungle_log":46,"minecraft:water_bucket":1,"minecraft:glow_ink_sac":4,"minecraft:birch_slab":22,"minecraft:salmon":2,"minecraft:cut_sandstone":6,"minecraft:jungle_fence":5,"minecraft:smoker":1,"minecraft:birch_planks":53,"minecraft:flint":4,"minecraft:dirt":13,"minecraft:smooth_sandstone":2,"minecraft:stonecutter":1,"minecraft:stone_pickaxe":12,"minecraft:wheat_seeds":1,"minecraft:bell":1,"minecraft:rabbit_hide":1,"minecraft:iron_ingot":34,"minecraft:rabbit":1,"minecraft:dark_oak_stairs":1,"minecraft:green_dye":1,"minecraft:dark_oak_slab":44,"minecraft:gravel":30,"minecraft:sand":5,"minecraft:jungle_planks":15,"minecraft:spruce_sapling":37,"minecraft:blast_furnace":2,"minecraft:spruce_log":202,"minecraft:dead_bush":8,"minecraft:cyan_bed":5,"minecraft:birch_sign":1,"minecraft:bone_meal":24,"minecraft:bread":21,"minecraft:oak_sapling":2,"minecraft:coal":65},"minecraft:broken":{"minecraft:iron_axe":2},"minecraft:dropped":{"minecraft:wheat_seeds":1,"minecraft:stick":67,"minecraft:cooked_salmon":1,"minecraft:dead_bush":4,"minecraft:cocoa_beans":3,"minecraft:stone_shovel":1,"minecraft:rotten_flesh":4,"minecraft:oak_sapling":1,"minecraft:stone_pickaxe":22},"minecraft:custom":{"minecraft:mob_kills":16,"minecraft:interact_with_crafting_table":39,"minecraft:bell_ring":18,"minecraft:time_since_death":85824,"minecraft:climb_one_cm":3956,"minecraft:sprint_one_cm":256319,"minecraft:walk_one_cm":145484,"minecraft:drop":33,"minecraft:talked_to_villager":31,"minecraft:play_time":215921,"minecraft:deaths":1,"minecraft:sneak_time":12868,"minecraft:walk_under_water_one_cm":5912,"minecraft:jump":1497,"minecraft:interact_with_blast_furnace":9,"minecraft:walk_on_water_one_cm":8358,"minecraft:total_world_time":215921,"minecraft:interact_with_furnace":40,"minecraft:traded_with_villager":36,"minecraft:sleep_in_bed":7,"minecraft:time_since_rest":2035,"minecraft:damage_taken":1314,"minecraft:damage_dealt":8668,"minecraft:swim_one_cm":45648,"minecraft:fly_one_cm":397175,"minecraft:open_chest":46,"minecraft:crouch_one_cm":37185,"minecraft:interact_with_smoker":9,"minecraft:fall_one_cm":29802}},"DataVersion":3955}