{"stats":{"minecraft:picked_up":{"minecraft:cocoa_beans":3,"minecraft:crafting_table":9,"minecraft:wheat":36,"minecraft:sandstone_slab":9,"minecraft:flower_pot":2,"minecraft:smithing_table":1,"minecraft:brewing_stand":1,"minecraft:shield":1,"minecraft:string":6,"minecraft:raw_copper":12,"minecraft:iron_axe":2,"minecraft:cooked_salmon":1,"minecraft:sea_pickle":10,"minecraft:smooth_stone":1,"minecraft:bucket":7,"minecraft:spruce_planks":221,"minecraft:beef":1,"minecraft:cobblestone_slab":28,"minecraft:jungle_sapling":12,"minecraft:poppy":21,"minecraft:iron_pickaxe":9,"minecraft:chest":6,"minecraft:melon_slice":1,"minecraft:sugar_cane":86,"minecraft:birch_sapling":3,"minecraft:stick":117,"minecraft:dark_oak_sapling":2,"minecraft:white_glazed_terracotta":1,"minecraft:sandstone":5,"minecraft:stone":27,"minecraft:birch_trapdoor":7,"minecraft:composter":15,"minecraft:copper_ingot":3,"minecraft:torch":23,"minecraft:green_bed":8,"minecraft:lightning_rod":1,"minecraft:dark_oak_planks":65,"minecraft:cauldron":1,"minecraft:jungle_sign":6,"minecraft:smooth_sandstone_slab":3,"minecraft:arrow":2,"minecraft:rotten_flesh":19,"minecraft:cactus":15,"minecraft:pumpkin_pie":4,"minecraft:cobblestone":213,"minecraft:birch_log":15,"minecraft:lime_bed":25,"minecraft:jungle_boat":3,"minecraft:jungle_log":222,"minecraft:water_bucket":1,"minecraft:glow_ink_sac":4,"minecraft:birch_slab":22,"minecraft:salmon":2,"minecraft:cut_sandstone":30,"minecraft:jungle_fence":5,"minecraft:smoker":2,"minecraft:birch_planks":58,"minecraft:flint":13,"minecraft:jungle_button":113,"minecraft:gunpowder":18,"minecraft:dirt":23,"minecraft:smooth_sandstone":57,"minecraft:bone":8,"minecraft:stonecutter":1,"minecraft:wheat_seeds":1,"minecraft:bell":4,"minecraft:rabbit_hide":1,"minecraft:stone_pickaxe":12,"minecraft:iron_ingot":86,"minecraft:rabbit":1,"minecraft:fletching_table":6,"minecraft:dark_oak_stairs":1,"minecraft:green_dye":1,"minecraft:dark_oak_slab":44,"minecraft:gravel":42,"minecraft:jungle_planks":85,"minecraft:sand":1150,"minecraft:spruce_sapling":44,"minecraft:blast_furnace":2,"minecraft:spruce_log":392,"minecraft:dead_bush":8,"minecraft:cyan_bed":5,"minecraft:spider_eye":3,"minecraft:jungle_slab":28,"minecraft:barrel":3,"minecraft:granite":22,"minecraft:birch_sign":1,"minecraft:bone_meal":24,"minecraft:spruce_sign":1,"minecraft:bread":155,"minecraft:terracotta":6,"minecraft:oak_sapling":2,"minecraft:coal":101,"minecraft:hopper":3},"minecraft:killed":{"minecraft:spider":1,"minecraft:skeleton":3,"minecraft:husk":1,"minecraft:salmon":2,"minecraft:iron_golem":15,"minecraft:creeper":3,"minecraft:zombie":2,"minecraft:glow_squid":2,"minecraft:cow":1},"minecraft:mined":{"minecraft:spruce_planks":119,"minecraft:jungle_slab":7,"minecraft:jungle_leaves":12,"minecraft:potted_cactus":2,"minecraft:brewing_stand":1,"minecraft:granite":6,"minecraft:grass_block":14,"minecraft:jungle_planks":44,"minecraft:jungle_log":179,"minecraft:birch_slab":6,"minecraft:spruce_leaves":8,"minecraft:hopper":1,"minecraft:composter":9,"minecraft:sandstone":5,"minecraft:smooth_stone":2,"minecraft:spruce_sapling":5,"minecraft:barrel":2,"minecraft:fletching_table":6,"minecraft:dark_oak_stairs":1,"minecraft:white_glazed_terracotta":1,"minecraft:bell":4,"minecraft:cobblestone_slab":27,"minecraft:water_cauldron":1,"minecraft:vine":3,"minecraft:birch_wall_sign":1,"minecraft:stone":55,"minecraft:green_bed":9,"minecraft:smithing_table":1,"minecraft:jungle_button":13,"minecraft:sandstone_slab":3,"minecraft:cut_sandstone":13,"minecraft:smoker":2,"minecraft:smooth_sandstone":23,"minecraft:crafting_table":7,"minecraft:short_grass":2,"minecraft:blast_furnace":2,"minecraft:chest":6,"minecraft:dead_bush":4,"minecraft:spruce_wall_sign":1,"minecraft:lightning_rod":1,"minecraft:copper_ore":5,"minecraft:cobblestone":22,"minecraft:cyan_bed":5,"minecraft:sugar_cane":1,"minecraft:oak_planks":1,"minecraft:smooth_sandstone_slab":2,"minecraft:wall_torch":1,"minecraft:birch_sapling":1,"minecraft:birch_planks":12,"minecraft:lime_bed":23,"minecraft:dark_oak_slab":11,"minecraft:sea_pickle":5,"minecraft:birch_log":8,"minecraft:birch_trapdoor":7,"minecraft:spruce_log":293,"minecraft:jungle_fence":3,"minecraft:coal_ore":30,"minecraft:cocoa":1,"minecraft:dark_oak_sapling":1,"minecraft:sand":337,"minecraft:gravel":50,"minecraft:dirt":5,"minecraft:terracotta":1,"minecraft:stonecutter":1,"minecraft:oak_leaves":5,"minecraft:jungle_wall_sign":2},"minecraft:crafted":{"minecraft:jungle_button":456,"minecraft:smooth_stone":14,"minecraft:cobblestone_slab":24,"minecraft:stone_shovel":1,"minecraft:barrel":4,"minecraft:birch_slab":24,"minecraft:lightning_rod":1,"minecraft:furnace":2,"minecraft:blast_furnace":2,"minecraft:stone":25,"minecraft:bone_meal":36,"minecraft:hopper":3,"minecraft:iron_axe":4,"minecraft:melon_seeds":1,"minecraft:stone_pickaxe":10,"minecraft:chest":7,"minecraft:birch_sign":3,"minecraft:smoker":2,"minecraft:cooked_beef":1,"minecraft:emerald":37,"minecraft:spruce_sign":6,"minecraft:crafting_table":4,"minecraft:spruce_planks":580,"minecraft:jungle_boat":3,"minecraft:smithing_table":1,"minecraft:cooked_salmon":2,"minecraft:copper_ingot":12,"minecraft:fletching_table":3,"minecraft:birch_planks":156,"minecraft:stone_axe":1,"minecraft:jungle_slab":18,"minecraft:bread":72,"minecraft:air":0,"minecraft:jungle_planks":796,"minecraft:spruce_trapdoor":10,"minecraft:dark_oak_slab":126,"minecraft:paper":3,"minecraft:stick":765,"minecraft:iron_pickaxe":1,"minecraft:birch_trapdoor":10,"minecraft:iron_shovel":4,"minecraft:pumpkin_pie":24,"minecraft:torch":4,"minecraft:jungle_sign":9},"minecraft:broken":{"minecraft:iron_shovel":1,"minecraft:iron_axe":3},"minecraft:dropped":{"minecraft:bread":32,"minecraft:wheat_seeds":1,"minecraft:granite":1,"minecraft:jungle_planks":3,"minecraft:stick":67,"minecraft:cooked_salmon":1,"minecraft:dead_bush":4,"minecraft:pumpkin_pie":12,"minecraft:stone_axe":1,"minecraft:cocoa_beans":3,"minecraft:stone_shovel":1,"minecraft:rotten_flesh":5,"minecraft:oak_sapling":1,"minecraft:stone_pickaxe":22},"minecraft:killed_by":{"minecraft:husk":1,"minecraft:iron_golem":1,"minecraft:skeleton":3},"minecraft:used":{"minecraft:iron_shovel":318,"minecraft:stone_shovel":38,"minecraft:chest":4,"minecraft:spruce_planks":296,"minecraft:stone":3,"minecraft:bell":4,"minecraft:cooked_salmon":2,"minecraft:rotten_flesh":1,"minecraft:torch":1,"minecraft:dirt":18,"minecraft:hopper":3,"minecraft:jungle_planks":67,"minecraft:jungle_slab":10,"minecraft:granite":5,"minecraft:lava_bucket":1,"minecraft:iron_axe":867,"minecraft:birch_sapling":1,"minecraft:smooth_sandstone":9,"minecraft:dark_oak_slab":111,"minecraft:barrel":5,"minecraft:birch_trapdoor":8,"minecraft:jungle_button":475,"minecraft:cooked_beef":1,"minecraft:dark_oak_stairs":1,"minecraft:water_bucket":43,"minecraft:birch_planks":54,"minecraft:jungle_fence":1,"minecraft:composter":8,"minecraft:cut_sandstone":10,"minecraft:spruce_sign":6,"minecraft:cobblestone_slab":28,"minecraft:fletching_table":8,"minecraft:green_bed":3,"minecraft:jungle_boat":3,"minecraft:sand":75,"minecraft:lime_bed":18,"minecraft:crafting_table":11,"minecraft:blast_furnace":3,"minecraft:smoker":3,"minecraft:lightning_rod":1,"minecraft:spruce_log":5,"minecraft:apple":2,"minecraft:bread":51,"minecraft:birch_slab":6,"minecraft:cyan_bed":1,"minecraft:melon_slice":2,"minecraft:iron_pickaxe":265,"minecraft:spruce_trapdoor":10,"minecraft:spruce_sapling":31,"minecraft:gravel":39,"minecraft:stone_axe":13,"minecraft:jungle_sign":13,"minecraft:cobblestone":70,"minecraft:cooked_porkchop":1,"minecraft:smithing_table":2,"minecraft:bucket":43,"minecraft:birch_log":3,"minecraft:pumpkin_pie":12,"minecraft:bone_meal":17,"minecraft:smooth_stone":1},"minecraft:custom":{"minecraft:mob_kills":31,"minecraft:inspect_hopper":7,"minecraft:interact_with_crafting_table":70,"minecraft:bell_ring":88,"minecraft:time_since_death":18874,"minecraft:climb_one_cm":7958,"minecraft:sprint_one_cm":588073,"minecraft:walk_one_cm":337301,"minecraft:drop":41,"minecraft:talked_to_villager":143,"minecraft:play_time":341876,"minecraft:deaths":7,"minecraft:sneak_time":24114,"minecraft:walk_under_water_one_cm":9949,"minecraft:boat_one_cm":5166,"minecraft:jump":3829,"minecraft:interact_with_blast_furnace":9,"minecraft:walk_on_water_one_cm":24159,"minecraft:total_world_time":341876,"minecraft:interact_with_furnace":40,"minecraft:traded_with_villager":64,"minecraft:sleep_in_bed":14,"minecraft:time_since_rest":10992,"minecraft:damage_taken":4315,"minecraft:damage_dealt":15028,"minecraft:swim_one_cm":47882,"minecraft:fly_one_cm":968258,"minecraft:open_chest":73,"minecraft:crouch_one_cm":59541,"minecraft:interact_with_smoker":9,"minecraft:fall_one_cm":85227}},"DataVersion":3955}