{"stats":{"minecraft:crafted":{"minecraft:jungle_button":456,"minecraft:smooth_stone":14,"minecraft:cobblestone_slab":24,"minecraft:barrel":4,"minecraft:birch_boat":2,"minecraft:birch_slab":42,"minecraft:lightning_rod":1,"minecraft:stone":25,"minecraft:diamond_shovel":2,"minecraft:bookshelf":1,"minecraft:suspicious_stew":6,"minecraft:hopper":3,"minecraft:diamond_leggings":2,"minecraft:melon_seeds":1,"minecraft:chest":7,"minecraft:birch_door":3,"minecraft:birch_button":1,"minecraft:stone_hoe":12,"minecraft:smoker":2,"minecraft:emerald":524,"minecraft:diamond_axe":2,"minecraft:crafting_table":9,"minecraft:spruce_planks":904,"minecraft:jungle_boat":3,"minecraft:iron_helmet":8,"minecraft:smithing_table":7,"minecraft:chainmail_chestplate":20,"minecraft:copper_ingot":12,"minecraft:fletching_table":3,"minecraft:birch_planks":452,"minecraft:apple":52,"minecraft:spruce_trapdoor":10,"minecraft:lectern":1,"minecraft:book":3,"minecraft:dark_oak_slab":126,"minecraft:paper":42,"minecraft:diamond_pickaxe":2,"minecraft:stick":765,"minecraft:iron_pickaxe":1,"minecraft:iron_ingot":2498,"minecraft:iron_block":149,"minecraft:gold_ingot":19,"minecraft:shears":1,"minecraft:jungle_sign":9,"minecraft:golden_carrot":42,"minecraft:cookie":162,"minecraft:stone_shovel":21,"minecraft:furnace":4,"minecraft:blast_furnace":4,"minecraft:bone_meal":36,"minecraft:flint_and_steel":2,"minecraft:iron_axe":4,"minecraft:stone_pickaxe":20,"minecraft:diamond_boots":1,"minecraft:golden_helmet":2,"minecraft:birch_sign":3,"minecraft:cooked_beef":1,"minecraft:spruce_sign":6,"minecraft:cooked_salmon":2,"minecraft:bucket":1,"minecraft:stone_axe":11,"minecraft:glowstone":19,"minecraft:jungle_slab":18,"minecraft:bread":132,"minecraft:air":0,"minecraft:jungle_planks":796,"minecraft:gold_nugget":36,"minecraft:chainmail_boots":12,"minecraft:birch_trapdoor":10,"minecraft:iron_shovel":4,"minecraft:iron_leggings":10,"minecraft:pumpkin_pie":24,"minecraft:torch":4,"minecraft:diamond_chestplate":2},"minecraft:killed_by":{"minecraft:husk":1,"minecraft:iron_golem":1,"minecraft:skeleton":3},"minecraft:dropped":{"minecraft:birch_planks":7,"minecraft:diamond_axe":2,"minecraft:warped_fungus":2,"minecraft:cookie":108,"minecraft:warped_roots":4,"minecraft:leather":2,"minecraft:jungle_planks":3,"minecraft:dirt":9,"minecraft:cherry_leaves":6,"minecraft:pumpkin_pie":12,"minecraft:sand":3,"minecraft:iron_pickaxe":1,"minecraft:gold_ingot":1,"minecraft:bone":1,"minecraft:gravel":17,"minecraft:stone_axe":12,"minecraft:ancient_debris":1,"minecraft:obsidian":11,"minecraft:rotten_flesh":7,"minecraft:diamond_shovel":5,"minecraft:glowstone_dust":9,"minecraft:carrot":256,"minecraft:chainmail_chestplate":22,"minecraft:sandstone_wall":3,"minecraft:poppy":1,"minecraft:chainmail_boots":12,"minecraft:basalt":1,"minecraft:arrow":2,"minecraft:crying_obsidian":3,"minecraft:netherrack":192,"minecraft:stone_hoe":16,"minecraft:bread":49,"minecraft:wheat_seeds":2,"minecraft:golden_helmet":2,"minecraft:diamond_leggings":2,"minecraft:iron_helmet":8,"minecraft:cobblestone":3,"minecraft:granite":1,"minecraft:stick":69,"minecraft:iron_block":372,"minecraft:golden_carrot":70,"minecraft:torch":3,"minecraft:cooked_salmon":1,"minecraft:iron_leggings":17,"minecraft:dead_bush":4,"minecraft:iron_axe":2,"minecraft:iron_shovel":1,"minecraft:warped_nylium":1,"minecraft:cocoa_beans":3,"minecraft:bowl":2,"minecraft:stone_shovel":32,"minecraft:acacia_leaves":5,"minecraft:flint_and_steel":2,"minecraft:suspicious_stew":6,"minecraft:shroomlight":1,"minecraft:diamond_chestplate":3,"minecraft:spruce_planks":33,"minecraft:diamond_pickaxe":1,"minecraft:oak_sapling":1,"minecraft:golden_sword":1,"minecraft:barrel":4,"minecraft:stone_pickaxe":39},"minecraft:used":{"minecraft:cherry_sapling":6,"minecraft:iron_shovel":387,"minecraft:ladder":2,"minecraft:shield":3,"minecraft:chest":6,"minecraft:stone":3,"minecraft:bell":5,"minecraft:rotten_flesh":1,"minecraft:soul_sand":4,"minecraft:jungle_planks":101,"minecraft:carrot":1,"minecraft:jungle_slab":10,"minecraft:acacia_sapling":2,"minecraft:obsidian":21,"minecraft:lava_bucket":13,"minecraft:villager_spawn_egg":3,"minecraft:birch_sapling":1,"minecraft:dark_oak_slab":111,"minecraft:birch_trapdoor":8,"minecraft:jungle_button":501,"minecraft:furnace":2,"minecraft:dark_oak_stairs":1,"minecraft:jungle_fence":1,"minecraft:sandstone":27,"minecraft:composter":10,"minecraft:diamond_axe":677,"minecraft:jungle_boat":3,"minecraft:oak_leaves":1,"minecraft:sand":122,"minecraft:blast_furnace":8,"minecraft:shears":177,"minecraft:lightning_rod":1,"minecraft:birch_slab":6,"minecraft:melon_slice":2,"minecraft:cyan_bed":1,"minecraft:bread":73,"minecraft:lectern":20,"minecraft:gravel":39,"minecraft:golden_helmet":1,"minecraft:jungle_sign":13,"minecraft:smithing_table":14,"minecraft:birch_log":16,"minecraft:bone_meal":17,"minecraft:stone_sword":1,"minecraft:flint_and_steel":12,"minecraft:stone_shovel":38,"minecraft:spruce_planks":475,"minecraft:cooked_salmon":2,"minecraft:netherrack":1023,"minecraft:torch":10,"minecraft:brewing_stand":1,"minecraft:dirt":67,"minecraft:hopper":10,"minecraft:twisting_vines":9,"minecraft:granite":5,"minecraft:iron_block":7,"minecraft:iron_axe":993,"minecraft:smooth_sandstone":27,"minecraft:barrel":5,"minecraft:bamboo":1,"minecraft:golden_carrot":53,"minecraft:cooked_beef":1,"minecraft:water_bucket":55,"minecraft:birch_planks":64,"minecraft:birch_boat":3,"minecraft:cut_sandstone":11,"minecraft:spruce_sign":6,"minecraft:stonecutter":1,"minecraft:fletching_table":12,"minecraft:green_bed":5,"minecraft:cobblestone_slab":28,"minecraft:cracked_stone_bricks":1,"minecraft:crafting_table":16,"minecraft:lime_bed":24,"minecraft:spruce_log":5,"minecraft:smoker":4,"minecraft:diamond_pickaxe":2258,"minecraft:apple":2,"minecraft:diamond_shovel":193,"minecraft:suspicious_stew":2,"minecraft:iron_pickaxe":303,"minecraft:spruce_trapdoor":13,"minecraft:spruce_sapling":31,"minecraft:stone_axe":13,"minecraft:cobblestone":71,"minecraft:cooked_porkchop":1,"minecraft:bucket":68,"minecraft:pumpkin_pie":12,"minecraft:sea_pickle":12,"minecraft:smooth_stone":1},"minecraft:killed":{"minecraft:spider":1,"minecraft:skeleton":6,"minecraft:piglin_brute":2,"minecraft:magma_cube":20,"minecraft:salmon":2,"minecraft:iron_golem":16,"minecraft:creeper":3,"minecraft:zombie":4,"minecraft:ghast":1,"minecraft:glow_squid":2,"minecraft:blaze":1,"minecraft:cow":3,"minecraft:horse":5,"minecraft:husk":8,"minecraft:hoglin":1,"minecraft:wither_skeleton":3,"minecraft:enderman":1},"minecraft:custom":{"minecraft:interact_with_crafting_table":101,"minecraft:bell_ring":93,"minecraft:leave_game":1,"minecraft:time_since_death":3581,"minecraft:sprint_one_cm":1396383,"minecraft:damage_blocked_by_shield":100,"minecraft:drop":272,"minecraft:talked_to_villager":431,"minecraft:play_time":670223,"minecraft:deaths":8,"minecraft:jump":9564,"minecraft:walk_on_water_one_cm":32187,"minecraft:interact_with_furnace":41,"minecraft:traded_with_villager":716,"minecraft:sleep_in_bed":22,"minecraft:damage_dealt":22151,"minecraft:crouch_one_cm":142480,"minecraft:interact_with_smoker":9,"minecraft:interact_with_smithing_table":2,"minecraft:mob_kills":81,"minecraft:inspect_hopper":10,"minecraft:climb_one_cm":18597,"minecraft:walk_one_cm":671020,"minecraft:sneak_time":46271,"minecraft:walk_under_water_one_cm":14839,"minecraft:boat_one_cm":7626,"minecraft:interact_with_blast_furnace":11,"minecraft:total_world_time":670223,"minecraft:time_since_rest":3626,"minecraft:damage_taken":8957,"minecraft:swim_one_cm":69561,"minecraft:fly_one_cm":2017035,"minecraft:open_chest":320,"minecraft:fall_one_cm":243903},"minecraft:mined":{"minecraft:spruce_planks":272,"minecraft:jungle_slab":7,"minecraft:cherry_log":32,"minecraft:jungle_leaves":14,"minecraft:potted_cactus":2,"minecraft:brewing_stand":1,"minecraft:obsidian":31,"minecraft:spruce_trapdoor":7,"minecraft:granite":6,"minecraft:acacia_log":16,"minecraft:grass_block":68,"minecraft:cracked_polished_blackstone_bricks":1,"minecraft:jungle_log":181,"minecraft:soul_soil":26,"minecraft:composter":10,"minecraft:hopper":1,"minecraft:smooth_stone":9,"minecraft:polished_blackstone_bricks":7,"minecraft:magma_block":66,"minecraft:glowstone":31,"minecraft:barrel":5,"minecraft:fire":11,"minecraft:fletching_table":10,"minecraft:dark_oak_stairs":1,"minecraft:twisting_vines":13,"minecraft:water_cauldron":1,"minecraft:birch_wall_sign":1,"minecraft:iron_block":7,"minecraft:green_bed":10,"minecraft:jungle_button":16,"minecraft:sandstone_slab":3,"minecraft:brown_mushroom":1,"minecraft:cut_sandstone":18,"minecraft:blackstone":28,"minecraft:twisting_vines_plant":14,"minecraft:crimson_nylium":8,"minecraft:smoker":2,"minecraft:soul_fire":4,"minecraft:blast_furnace":5,"minecraft:chest":6,"minecraft:dead_bush":8,"minecraft:spruce_wall_sign":1,"minecraft:nether_quartz_ore":80,"minecraft:cobblestone":26,"minecraft:oak_planks":5,"minecraft:cyan_bed":5,"minecraft:sugar_cane":6,"minecraft:smooth_sandstone_slab":2,"minecraft:wall_torch":4,"minecraft:birch_sapling":1,"minecraft:pink_petals":1,"minecraft:warped_nylium":16,"minecraft:acacia_sapling":1,"minecraft:dark_oak_slab":11,"minecraft:birch_log":276,"minecraft:birch_trapdoor":8,"minecraft:warped_fungus":1,"minecraft:dark_oak_sapling":1,"minecraft:sand":413,"minecraft:dirt":35,"minecraft:sandstone_wall":3,"minecraft:ancient_debris":1,"minecraft:stonecutter":1,"minecraft:netherrack":1770,"minecraft:oak_leaves":25,"minecraft:nether_gold_ore":49,"minecraft:crying_obsidian":4,"minecraft:cherry_sapling":2,"minecraft:stripped_birch_log":2,"minecraft:nether_bricks":5,"minecraft:jungle_planks":53,"minecraft:crimson_roots":1,"minecraft:birch_slab":6,"minecraft:spruce_leaves":8,"minecraft:sandstone":12,"minecraft:furnace":2,"minecraft:spruce_sapling":5,"minecraft:polished_basalt":1,"minecraft:white_glazed_terracotta":1,"minecraft:bell":4,"minecraft:shroomlight":1,"minecraft:vine":5,"minecraft:cobblestone_slab":27,"minecraft:warped_stem":5,"minecraft:bamboo_sapling":1,"minecraft:stone":71,"minecraft:bone_block":45,"minecraft:smithing_table":8,"minecraft:acacia_leaves":12,"minecraft:soul_sand":40,"minecraft:basalt":95,"minecraft:stone_brick_slab":1,"minecraft:crafting_table":8,"minecraft:smooth_sandstone":51,"minecraft:short_grass":27,"minecraft:warped_roots":4,"minecraft:lectern":19,"minecraft:lightning_rod":1,"minecraft:copper_ore":5,"minecraft:polished_blackstone_brick_stairs":1,"minecraft:birch_planks":30,"minecraft:lime_bed":25,"minecraft:sea_pickle":7,"minecraft:spruce_log":300,"minecraft:birch_leaves":137,"minecraft:jungle_fence":3,"minecraft:coal_ore":30,"minecraft:cocoa":1,"minecraft:cherry_leaves":19,"minecraft:sunflower":5,"minecraft:gravel":74,"minecraft:cracked_stone_bricks":1,"minecraft:terracotta":1,"minecraft:fern":3,"minecraft:jungle_wall_sign":2},"minecraft:broken":{"minecraft:iron_shovel":1,"minecraft:stone_sword":1,"minecraft:iron_axe":3},"minecraft:picked_up":{"minecraft:birch_door":3,"minecraft:wheat":36,"minecraft:suspicious_stew":2,"minecraft:flower_pot":2,"minecraft:smithing_table":7,"minecraft:brewing_stand":1,"minecraft:golden_sword":1,"minecraft:soul_soil":50,"minecraft:string":6,"minecraft:raw_copper":12,"minecraft:cooked_salmon":1,"minecraft:iron_leggings":7,"minecraft:shroomlight":1,"minecraft:sea_pickle":12,"minecraft:diamond_leggings":2,"minecraft:gold_nugget":235,"minecraft:smooth_stone":7,"minecraft:bucket":7,"minecraft:spruce_planks":352,"minecraft:cobblestone_slab":28,"minecraft:iron_pickaxe":9,"minecraft:melon_slice":1,"minecraft:furnace":2,"minecraft:golden_helmet":1,"minecraft:white_glazed_terracotta":1,"minecraft:stick":161,"minecraft:composter":17,"minecraft:birch_trapdoor":7,"minecraft:acacia_log":16,"minecraft:torch":29,"minecraft:green_bed":9,"minecraft:sandstone_wall":3,"minecraft:lightning_rod":1,"minecraft:cherry_log":32,"minecraft:cauldron":1,"minecraft:stone_sword":2,"minecraft:cactus":15,"minecraft:rotten_flesh":25,"minecraft:iron_block":5,"minecraft:glowstone":19,"minecraft:obsidian":31,"minecraft:cobblestone":234,"minecraft:birch_log":281,"minecraft:magma_block":121,"minecraft:magma_cream":2,"minecraft:cherry_leaves":18,"minecraft:water_bucket":1,"minecraft:birch_slab":22,"minecraft:jungle_log":224,"minecraft:acacia_leaves":5,"minecraft:smoker":2,"minecraft:flint":13,"minecraft:stripped_birch_log":2,"minecraft:dirt":103,"minecraft:twisting_vines":21,"minecraft:bone":11,"minecraft:stonecutter":1,"minecraft:wheat_seeds":5,"minecraft:bell":4,"minecraft:glowstone_dust":85,"minecraft:fletching_table":10,"minecraft:rabbit":1,"minecraft:bamboo":7,"minecraft:stone_hoe":4,"minecraft:oak_planks":5,"minecraft:sand":1231,"minecraft:jungle_planks":93,"minecraft:dead_bush":8,"minecraft:cyan_bed":5,"minecraft:jungle_slab":28,"minecraft:barrel":6,"minecraft:snout_armor_trim_smithing_template":1,"minecraft:granite":22,"minecraft:bone_meal":24,"minecraft:spruce_sign":1,"minecraft:bread":161,"minecraft:piglin_banner_pattern":1,"minecraft:oak_sapling":2,"minecraft:netherrack":1433,"minecraft:oak_leaves":15,"minecraft:crimson_roots":2,"minecraft:diamond_pickaxe":1,"minecraft:cocoa_beans":3,"minecraft:crafting_table":9,"minecraft:sandstone_slab":9,"minecraft:ladder":2,"minecraft:brown_mushroom":1,"minecraft:shield":2,"minecraft:iron_axe":3,"minecraft:flint_and_steel":2,"minecraft:blackstone":62,"minecraft:cracked_stone_bricks":1,"minecraft:beef":2,"minecraft:jungle_sapling":12,"minecraft:poppy":27,"minecraft:lectern":19,"minecraft:sugar_cane":99,"minecraft:chest":6,"minecraft:birch_sapling":48,"minecraft:spruce_trapdoor":3,"minecraft:egg":1,"minecraft:dark_oak_sapling":2,"minecraft:sandstone":18,"minecraft:stone":27,"minecraft:copper_ingot":3,"minecraft:carrot":192,"minecraft:jungle_sign":6,"minecraft:dark_oak_planks":65,"minecraft:smooth_sandstone_slab":3,"minecraft:arrow":4,"minecraft:stone_shovel":11,"minecraft:diamond_chestplate":3,"minecraft:pumpkin_pie":4,"minecraft:nether_bricks":8,"minecraft:diamond_boots":1,"minecraft:gold_ingot":6,"minecraft:bone_block":89,"minecraft:lime_bed":27,"minecraft:birch_leaves":135,"minecraft:jungle_boat":3,"minecraft:basalt":128,"minecraft:golden_carrot":18,"minecraft:glow_ink_sac":4,"minecraft:salmon":2,"minecraft:leather":7,"minecraft:cut_sandstone":31,"minecraft:jungle_fence":5,"minecraft:birch_planks":296,"minecraft:ancient_debris":1,"minecraft:chainmail_chestplate":2,"minecraft:jungle_button":122,"minecraft:gunpowder":18,"minecraft:smooth_sandstone":85,"minecraft:warped_stem":10,"minecraft:rabbit_hide":1,"minecraft:iron_ingot":101,"minecraft:stone_pickaxe":19,"minecraft:soul_sand":70,"minecraft:acacia_sapling":3,"minecraft:dark_oak_stairs":1,"minecraft:green_dye":1,"minecraft:warped_fungus":2,"minecraft:dark_oak_slab":44,"minecraft:birch_boat":3,"minecraft:stone_brick_slab":1,"minecraft:quartz":150,"minecraft:lava_bucket":1,"minecraft:gravel":65,"minecraft:spruce_sapling":44,"minecraft:blast_furnace":6,"minecraft:spruce_log":399,"minecraft:crying_obsidian":3,"minecraft:spider_eye":3,"minecraft:diamond_shovel":6,"minecraft:stone_axe":1,"minecraft:diamond_axe":2,"minecraft:cherry_sapling":7,"minecraft:birch_sign":1,"minecraft:warped_roots":5,"minecraft:terracotta":6,"minecraft:warped_nylium":1,"minecraft:coal":105,"minecraft:hopper":3,"minecraft:ender_pearl":2,"minecraft:sunflower":4}},"DataVersion":3955}