{"stats":{"minecraft:crafted":{"minecraft:jungle_button":456,"minecraft:smooth_stone":14,"minecraft:cobblestone_slab":24,"minecraft:barrel":4,"minecraft:birch_slab":24,"minecraft:lightning_rod":1,"minecraft:stone":25,"minecraft:diamond_shovel":2,"minecraft:suspicious_stew":6,"minecraft:hopper":3,"minecraft:diamond_leggings":2,"minecraft:melon_seeds":1,"minecraft:chest":7,"minecraft:stone_hoe":12,"minecraft:smoker":2,"minecraft:emerald":484,"minecraft:diamond_axe":2,"minecraft:crafting_table":5,"minecraft:spruce_planks":904,"minecraft:jungle_boat":3,"minecraft:iron_helmet":8,"minecraft:smithing_table":7,"minecraft:chainmail_chestplate":20,"minecraft:copper_ingot":12,"minecraft:fletching_table":3,"minecraft:birch_planks":156,"minecraft:apple":52,"minecraft:spruce_trapdoor":10,"minecraft:dark_oak_slab":126,"minecraft:paper":3,"minecraft:diamond_pickaxe":2,"minecraft:stick":765,"minecraft:iron_pickaxe":1,"minecraft:iron_ingot":2489,"minecraft:iron_block":149,"minecraft:shears":1,"minecraft:jungle_sign":9,"minecraft:golden_carrot":42,"minecraft:cookie":162,"minecraft:stone_shovel":21,"minecraft:furnace":4,"minecraft:blast_furnace":4,"minecraft:bone_meal":36,"minecraft:flint_and_steel":1,"minecraft:iron_axe":4,"minecraft:stone_pickaxe":20,"minecraft:diamond_boots":1,"minecraft:birch_sign":3,"minecraft:cooked_beef":1,"minecraft:spruce_sign":6,"minecraft:cooked_salmon":2,"minecraft:stone_axe":11,"minecraft:jungle_slab":18,"minecraft:bread":132,"minecraft:air":0,"minecraft:jungle_planks":796,"minecraft:chainmail_boots":12,"minecraft:birch_trapdoor":10,"minecraft:iron_shovel":4,"minecraft:iron_leggings":10,"minecraft:pumpkin_pie":24,"minecraft:torch":4,"minecraft:diamond_chestplate":2},"minecraft:killed_by":{"minecraft:husk":1,"minecraft:iron_golem":1,"minecraft:skeleton":3},"minecraft:used":{"minecraft:iron_shovel":387,"minecraft:ladder":2,"minecraft:chest":6,"minecraft:stone":3,"minecraft:bell":5,"minecraft:rotten_flesh":1,"minecraft:jungle_planks":101,"minecraft:carrot":1,"minecraft:jungle_slab":10,"minecraft:lava_bucket":1,"minecraft:villager_spawn_egg":3,"minecraft:birch_sapling":1,"minecraft:dark_oak_slab":111,"minecraft:birch_trapdoor":8,"minecraft:jungle_button":500,"minecraft:furnace":2,"minecraft:dark_oak_stairs":1,"minecraft:jungle_fence":1,"minecraft:sandstone":14,"minecraft:composter":10,"minecraft:diamond_axe":150,"minecraft:jungle_boat":3,"minecraft:sand":122,"minecraft:blast_furnace":8,"minecraft:shears":6,"minecraft:lightning_rod":1,"minecraft:birch_slab":6,"minecraft:melon_slice":2,"minecraft:cyan_bed":1,"minecraft:bread":67,"minecraft:gravel":39,"minecraft:jungle_sign":13,"minecraft:smithing_table":14,"minecraft:birch_log":3,"minecraft:bone_meal":17,"minecraft:flint_and_steel":11,"minecraft:stone_shovel":38,"minecraft:spruce_planks":468,"minecraft:cooked_salmon":2,"minecraft:torch":7,"minecraft:brewing_stand":1,"minecraft:dirt":24,"minecraft:hopper":10,"minecraft:granite":5,"minecraft:iron_axe":993,"minecraft:smooth_sandstone":27,"minecraft:barrel":5,"minecraft:golden_carrot":8,"minecraft:cooked_beef":1,"minecraft:water_bucket":43,"minecraft:birch_planks":58,"minecraft:cut_sandstone":11,"minecraft:spruce_sign":6,"minecraft:stonecutter":1,"minecraft:fletching_table":12,"minecraft:green_bed":5,"minecraft:cobblestone_slab":28,"minecraft:crafting_table":12,"minecraft:lime_bed":23,"minecraft:spruce_log":5,"minecraft:smoker":4,"minecraft:diamond_pickaxe":18,"minecraft:apple":2,"minecraft:diamond_shovel":25,"minecraft:suspicious_stew":2,"minecraft:iron_pickaxe":303,"minecraft:spruce_trapdoor":13,"minecraft:spruce_sapling":31,"minecraft:stone_axe":13,"minecraft:cobblestone":70,"minecraft:cooked_porkchop":1,"minecraft:bucket":43,"minecraft:pumpkin_pie":12,"minecraft:sea_pickle":12,"minecraft:smooth_stone":1},"minecraft:dropped":{"minecraft:birch_planks":7,"minecraft:diamond_axe":2,"minecraft:cookie":108,"minecraft:jungle_planks":3,"minecraft:dirt":6,"minecraft:pumpkin_pie":12,"minecraft:iron_pickaxe":1,"minecraft:bone":1,"minecraft:stone_axe":12,"minecraft:rotten_flesh":7,"minecraft:diamond_shovel":4,"minecraft:carrot":256,"minecraft:chainmail_chestplate":22,"minecraft:sandstone_wall":3,"minecraft:chainmail_boots":12,"minecraft:arrow":2,"minecraft:stone_hoe":16,"minecraft:bread":49,"minecraft:wheat_seeds":1,"minecraft:diamond_leggings":2,"minecraft:iron_helmet":8,"minecraft:granite":1,"minecraft:stick":67,"minecraft:iron_block":372,"minecraft:golden_carrot":36,"minecraft:torch":3,"minecraft:cooked_salmon":1,"minecraft:iron_leggings":17,"minecraft:dead_bush":4,"minecraft:iron_axe":2,"minecraft:iron_shovel":1,"minecraft:cocoa_beans":3,"minecraft:bowl":2,"minecraft:stone_shovel":32,"minecraft:suspicious_stew":6,"minecraft:diamond_chestplate":3,"minecraft:spruce_planks":32,"minecraft:diamond_pickaxe":1,"minecraft:oak_sapling":1,"minecraft:barrel":4,"minecraft:stone_pickaxe":39},"minecraft:killed":{"minecraft:spider":1,"minecraft:skeleton":4,"minecraft:salmon":2,"minecraft:iron_golem":15,"minecraft:creeper":3,"minecraft:zombie":3,"minecraft:glow_squid":2,"minecraft:cow":2,"minecraft:husk":8},"minecraft:custom":{"minecraft:interact_with_crafting_table":78,"minecraft:bell_ring":93,"minecraft:leave_game":1,"minecraft:time_since_death":155221,"minecraft:sprint_one_cm":856819,"minecraft:drop":230,"minecraft:talked_to_villager":383,"minecraft:play_time":478223,"minecraft:deaths":7,"minecraft:jump":5685,"minecraft:walk_on_water_one_cm":26296,"minecraft:interact_with_furnace":41,"minecraft:traded_with_villager":676,"minecraft:sleep_in_bed":21,"minecraft:damage_dealt":16818,"minecraft:crouch_one_cm":75968,"minecraft:interact_with_smoker":9,"minecraft:interact_with_smithing_table":1,"minecraft:mob_kills":41,"minecraft:inspect_hopper":10,"minecraft:climb_one_cm":12984,"minecraft:walk_one_cm":471094,"minecraft:sneak_time":28075,"minecraft:walk_under_water_one_cm":10103,"minecraft:boat_one_cm":5166,"minecraft:interact_with_blast_furnace":11,"minecraft:total_world_time":478223,"minecraft:time_since_rest":19394,"minecraft:damage_taken":5183,"minecraft:swim_one_cm":51448,"minecraft:fly_one_cm":1344814,"minecraft:open_chest":155,"minecraft:fall_one_cm":133721},"minecraft:mined":{"minecraft:spruce_planks":270,"minecraft:jungle_slab":7,"minecraft:jungle_leaves":14,"minecraft:potted_cactus":2,"minecraft:brewing_stand":1,"minecraft:spruce_trapdoor":7,"minecraft:granite":6,"minecraft:acacia_log":16,"minecraft:grass_block":19,"minecraft:jungle_log":179,"minecraft:composter":10,"minecraft:hopper":1,"minecraft:smooth_stone":9,"minecraft:barrel":5,"minecraft:fire":4,"minecraft:fletching_table":10,"minecraft:dark_oak_stairs":1,"minecraft:water_cauldron":1,"minecraft:birch_wall_sign":1,"minecraft:green_bed":10,"minecraft:jungle_button":15,"minecraft:sandstone_slab":3,"minecraft:cut_sandstone":18,"minecraft:smoker":2,"minecraft:blast_furnace":5,"minecraft:chest":6,"minecraft:dead_bush":5,"minecraft:spruce_wall_sign":1,"minecraft:cobblestone":25,"minecraft:oak_planks":5,"minecraft:cyan_bed":5,"minecraft:sugar_cane":1,"minecraft:smooth_sandstone_slab":2,"minecraft:wall_torch":1,"minecraft:birch_sapling":1,"minecraft:dark_oak_slab":11,"minecraft:birch_log":8,"minecraft:birch_trapdoor":8,"minecraft:dark_oak_sapling":1,"minecraft:sand":410,"minecraft:dirt":15,"minecraft:sandstone_wall":3,"minecraft:stonecutter":1,"minecraft:oak_leaves":7,"minecraft:jungle_planks":53,"minecraft:birch_slab":6,"minecraft:spruce_leaves":8,"minecraft:sandstone":5,"minecraft:furnace":2,"minecraft:spruce_sapling":5,"minecraft:white_glazed_terracotta":1,"minecraft:bell":4,"minecraft:vine":4,"minecraft:cobblestone_slab":27,"minecraft:stone":58,"minecraft:smithing_table":8,"minecraft:acacia_leaves":12,"minecraft:crafting_table":8,"minecraft:smooth_sandstone":51,"minecraft:short_grass":8,"minecraft:lightning_rod":1,"minecraft:copper_ore":5,"minecraft:birch_planks":30,"minecraft:lime_bed":25,"minecraft:sea_pickle":7,"minecraft:spruce_log":300,"minecraft:jungle_fence":3,"minecraft:coal_ore":30,"minecraft:cocoa":1,"minecraft:gravel":50,"minecraft:terracotta":1,"minecraft:jungle_wall_sign":2},"minecraft:broken":{"minecraft:iron_shovel":1,"minecraft:iron_axe":3},"minecraft:picked_up":{"minecraft:wheat":36,"minecraft:suspicious_stew":2,"minecraft:flower_pot":2,"minecraft:smithing_table":7,"minecraft:brewing_stand":1,"minecraft:string":6,"minecraft:raw_copper":12,"minecraft:cooked_salmon":1,"minecraft:iron_leggings":7,"minecraft:sea_pickle":12,"minecraft:diamond_leggings":1,"minecraft:smooth_stone":7,"minecraft:bucket":7,"minecraft:spruce_planks":351,"minecraft:cobblestone_slab":28,"minecraft:iron_pickaxe":9,"minecraft:melon_slice":1,"minecraft:furnace":2,"minecraft:white_glazed_terracotta":1,"minecraft:stick":119,"minecraft:composter":17,"minecraft:birch_trapdoor":7,"minecraft:acacia_log":16,"minecraft:torch":26,"minecraft:green_bed":9,"minecraft:sandstone_wall":3,"minecraft:lightning_rod":1,"minecraft:cauldron":1,"minecraft:cactus":15,"minecraft:rotten_flesh":25,"minecraft:cobblestone":219,"minecraft:birch_log":15,"minecraft:water_bucket":1,"minecraft:birch_slab":22,"minecraft:jungle_log":222,"minecraft:acacia_leaves":5,"minecraft:smoker":2,"minecraft:flint":13,"minecraft:dirt":38,"minecraft:bone":9,"minecraft:stonecutter":1,"minecraft:wheat_seeds":1,"minecraft:bell":4,"minecraft:fletching_table":10,"minecraft:rabbit":1,"minecraft:bamboo":6,"minecraft:stone_hoe":4,"minecraft:oak_planks":5,"minecraft:sand":1228,"minecraft:jungle_planks":93,"minecraft:dead_bush":8,"minecraft:cyan_bed":5,"minecraft:jungle_slab":28,"minecraft:barrel":6,"minecraft:granite":22,"minecraft:bone_meal":24,"minecraft:spruce_sign":1,"minecraft:bread":155,"minecraft:oak_sapling":2,"minecraft:cocoa_beans":3,"minecraft:crafting_table":9,"minecraft:sandstone_slab":9,"minecraft:ladder":2,"minecraft:shield":1,"minecraft:iron_axe":3,"minecraft:beef":1,"minecraft:jungle_sapling":12,"minecraft:poppy":25,"minecraft:sugar_cane":86,"minecraft:chest":6,"minecraft:birch_sapling":3,"minecraft:spruce_trapdoor":3,"minecraft:dark_oak_sapling":2,"minecraft:sandstone":5,"minecraft:stone":27,"minecraft:copper_ingot":3,"minecraft:carrot":192,"minecraft:jungle_sign":6,"minecraft:dark_oak_planks":65,"minecraft:smooth_sandstone_slab":3,"minecraft:arrow":4,"minecraft:stone_shovel":11,"minecraft:diamond_chestplate":2,"minecraft:pumpkin_pie":4,"minecraft:lime_bed":27,"minecraft:jungle_boat":3,"minecraft:golden_carrot":18,"minecraft:glow_ink_sac":4,"minecraft:salmon":2,"minecraft:leather":2,"minecraft:cut_sandstone":31,"minecraft:jungle_fence":5,"minecraft:birch_planks":74,"minecraft:chainmail_chestplate":2,"minecraft:jungle_button":121,"minecraft:gunpowder":18,"minecraft:smooth_sandstone":85,"minecraft:rabbit_hide":1,"minecraft:iron_ingot":98,"minecraft:stone_pickaxe":19,"minecraft:acacia_sapling":2,"minecraft:dark_oak_stairs":1,"minecraft:green_dye":1,"minecraft:dark_oak_slab":44,"minecraft:gravel":42,"minecraft:spruce_sapling":44,"minecraft:blast_furnace":5,"minecraft:spruce_log":399,"minecraft:spider_eye":3,"minecraft:diamond_shovel":3,"minecraft:stone_axe":1,"minecraft:diamond_axe":1,"minecraft:birch_sign":1,"minecraft:terracotta":6,"minecraft:coal":101,"minecraft:hopper":3}},"DataVersion":3955}