{"stats":{"minecraft:mined":{"minecraft:dark_oak_planks":2,"minecraft:spruce_planks":273,"minecraft:blackstone_stairs":3,"minecraft:jungle_slab":7,"minecraft:cherry_log":33,"minecraft:jungle_leaves":14,"minecraft:potted_cactus":2,"minecraft:brewing_stand":1,"minecraft:obsidian":31,"minecraft:spruce_trapdoor":7,"minecraft:granite":6,"minecraft:grass_block":70,"minecraft:acacia_log":16,"minecraft:jungle_log":181,"minecraft:cracked_polished_blackstone_bricks":1,"minecraft:soul_soil":26,"minecraft:composter":10,"minecraft:hopper":4,"minecraft:smooth_stone":9,"minecraft:polished_blackstone_bricks":7,"minecraft:magma_block":68,"minecraft:glowstone":31,"minecraft:barrel":5,"minecraft:fire":18,"minecraft:fletching_table":10,"minecraft:dark_oak_stairs":1,"minecraft:twisting_vines":13,"minecraft:water_cauldron":1,"minecraft:birch_wall_sign":1,"minecraft:iron_block":7,"minecraft:green_bed":10,"minecraft:jungle_button":16,"minecraft:sandstone_slab":3,"minecraft:cut_sandstone":18,"minecraft:brown_mushroom":1,"minecraft:blackstone":74,"minecraft:twisting_vines_plant":15,"minecraft:smoker":2,"minecraft:crimson_nylium":8,"minecraft:soul_fire":4,"minecraft:blast_furnace":5,"minecraft:chest":6,"minecraft:dead_bush":8,"minecraft:spruce_wall_sign":1,"minecraft:nether_quartz_ore":97,"minecraft:cobblestone":29,"minecraft:cyan_bed":5,"minecraft:sugar_cane":6,"minecraft:oak_planks":5,"minecraft:smooth_sandstone_slab":2,"minecraft:wall_torch":4,"minecraft:birch_sapling":1,"minecraft:pink_petals":1,"minecraft:warped_nylium":16,"minecraft:acacia_sapling":1,"minecraft:dark_oak_slab":11,"minecraft:birch_log":283,"minecraft:birch_trapdoor":8,"minecraft:warped_fungus":1,"minecraft:oak_log":3,"minecraft:dark_oak_sapling":1,"minecraft:sand":413,"minecraft:dirt":35,"minecraft:sandstone_wall":3,"minecraft:ancient_debris":1,"minecraft:stonecutter":1,"minecraft:netherrack":3882,"minecraft:oak_leaves":41,"minecraft:nether_gold_ore":49,"minecraft:crying_obsidian":4,"minecraft:cherry_sapling":2,"minecraft:stripped_birch_log":2,"minecraft:nether_bricks":26,"minecraft:jungle_planks":53,"minecraft:crimson_roots":1,"minecraft:birch_slab":6,"minecraft:spruce_leaves":8,"minecraft:sandstone":12,"minecraft:spruce_sapling":5,"minecraft:furnace":2,"minecraft:polished_basalt":1,"minecraft:white_glazed_terracotta":1,"minecraft:bell":4,"minecraft:nether_brick_fence":9,"minecraft:shroomlight":1,"minecraft:cobblestone_slab":51,"minecraft:vine":5,"minecraft:warped_stem":5,"minecraft:bamboo_sapling":1,"minecraft:stone":71,"minecraft:bone_block":45,"minecraft:smithing_table":8,"minecraft:acacia_leaves":12,"minecraft:soul_sand":40,"minecraft:basalt":316,"minecraft:stone_brick_slab":1,"minecraft:smooth_sandstone":51,"minecraft:crafting_table":8,"minecraft:short_grass":27,"minecraft:blackstone_slab":5,"minecraft:warped_roots":4,"minecraft:lectern":19,"minecraft:lightning_rod":1,"minecraft:copper_ore":5,"minecraft:polished_blackstone_brick_stairs":1,"minecraft:birch_planks":34,"minecraft:lime_bed":25,"minecraft:sea_pickle":7,"minecraft:spruce_log":300,"minecraft:birch_leaves":143,"minecraft:jungle_fence":3,"minecraft:coal_ore":30,"minecraft:cocoa":1,"minecraft:cherry_leaves":19,"minecraft:sunflower":5,"minecraft:gravel":74,"minecraft:cracked_stone_bricks":1,"minecraft:terracotta":1,"minecraft:fern":3,"minecraft:jungle_wall_sign":2},"minecraft:killed":{"minecraft:spider":1,"minecraft:skeleton":6,"minecraft:piglin_brute":2,"minecraft:magma_cube":22,"minecraft:salmon":2,"minecraft:iron_golem":16,"minecraft:creeper":3,"minecraft:sheep":1,"minecraft:zombie":4,"minecraft:ghast":1,"minecraft:glow_squid":2,"minecraft:blaze":8,"minecraft:cow":8,"minecraft:horse":5,"minecraft:husk":8,"minecraft:hoglin":1,"minecraft:wither_skeleton":5,"minecraft:enderman":2},"minecraft:crafted":{"minecraft:jungle_button":456,"minecraft:smooth_stone":14,"minecraft:cobblestone_slab":48,"minecraft:barrel":4,"minecraft:dark_oak_pressure_plate":1,"minecraft:birch_boat":3,"minecraft:birch_slab":42,"minecraft:lightning_rod":1,"minecraft:stone":25,"minecraft:diamond_shovel":2,"minecraft:bookshelf":1,"minecraft:suspicious_stew":6,"minecraft:hopper":4,"minecraft:diamond_leggings":2,"minecraft:melon_seeds":1,"minecraft:chest":10,"minecraft:birch_door":3,"minecraft:birch_button":62,"minecraft:stone_hoe":12,"minecraft:smoker":2,"minecraft:emerald":620,"minecraft:diamond_axe":2,"minecraft:crafting_table":14,"minecraft:spruce_planks":904,"minecraft:jungle_boat":3,"minecraft:iron_helmet":8,"minecraft:birch_pressure_plate":33,"minecraft:chainmail_chestplate":20,"minecraft:smithing_table":7,"minecraft:copper_ingot":12,"minecraft:fletching_table":3,"minecraft:birch_planks":480,"minecraft:apple":52,"minecraft:spruce_trapdoor":10,"minecraft:lectern":1,"minecraft:dark_oak_slab":126,"minecraft:book":3,"minecraft:paper":42,"minecraft:diamond_pickaxe":2,"minecraft:shield":1,"minecraft:stick":765,"minecraft:iron_ingot":3074,"minecraft:iron_pickaxe":1,"minecraft:iron_block":149,"minecraft:gold_ingot":24,"minecraft:shears":1,"minecraft:jungle_sign":9,"minecraft:golden_carrot":96,"minecraft:cookie":162,"minecraft:stone_shovel":21,"minecraft:furnace":4,"minecraft:blast_furnace":4,"minecraft:bone_meal":36,"minecraft:flint_and_steel":2,"minecraft:iron_axe":4,"minecraft:stone_pickaxe":20,"minecraft:diamond_boots":1,"minecraft:blackstone_stairs":12,"minecraft:golden_helmet":2,"minecraft:birch_sign":3,"minecraft:cooked_beef":1,"minecraft:spruce_sign":6,"minecraft:cooked_salmon":2,"minecraft:bucket":1,"minecraft:stone_axe":11,"minecraft:glowstone":19,"minecraft:jungle_slab":18,"minecraft:bread":132,"minecraft:air":0,"minecraft:jungle_planks":796,"minecraft:gold_nugget":36,"minecraft:chainmail_boots":12,"minecraft:birch_trapdoor":10,"minecraft:iron_shovel":4,"minecraft:iron_leggings":10,"minecraft:pumpkin_pie":24,"minecraft:torch":4,"minecraft:blackstone_slab":12,"minecraft:diamond_chestplate":2},"minecraft:picked_up":{"minecraft:birch_door":6,"minecraft:wheat":36,"minecraft:suspicious_stew":2,"minecraft:flower_pot":2,"minecraft:nether_brick_fence":8,"minecraft:smithing_table":7,"minecraft:birch_button":14,"minecraft:brewing_stand":1,"minecraft:golden_sword":1,"minecraft:raw_copper":12,"minecraft:string":6,"minecraft:soul_soil":100,"minecraft:cooked_salmon":1,"minecraft:iron_leggings":7,"minecraft:shroomlight":1,"minecraft:sea_pickle":12,"minecraft:diamond_leggings":3,"minecraft:gold_nugget":285,"minecraft:smooth_stone":7,"minecraft:bucket":7,"minecraft:spruce_planks":353,"minecraft:cobblestone_slab":58,"minecraft:iron_pickaxe":9,"minecraft:melon_slice":1,"minecraft:furnace":2,"minecraft:golden_helmet":3,"minecraft:white_glazed_terracotta":1,"minecraft:stick":161,"minecraft:birch_trapdoor":7,"minecraft:composter":17,"minecraft:green_bed":9,"minecraft:torch":29,"minecraft:acacia_log":16,"minecraft:sandstone_wall":3,"minecraft:lightning_rod":1,"minecraft:cherry_log":33,"minecraft:cauldron":1,"minecraft:stone_sword":2,"minecraft:cactus":15,"minecraft:rotten_flesh":25,"minecraft:iron_block":5,"minecraft:glowstone":57,"minecraft:blaze_rod":8,"minecraft:obsidian":31,"minecraft:blackstone_stairs":7,"minecraft:cobblestone":374,"minecraft:birch_log":288,"minecraft:magma_block":245,"minecraft:magma_cream":5,"minecraft:birch_slab":22,"minecraft:cherry_leaves":18,"minecraft:water_bucket":1,"minecraft:jungle_log":224,"minecraft:acacia_leaves":5,"minecraft:smoker":2,"minecraft:flint":13,"minecraft:stripped_birch_log":2,"minecraft:dirt":105,"minecraft:twisting_vines":33,"minecraft:bone":31,"minecraft:stonecutter":1,"minecraft:wheat_seeds":5,"minecraft:bell":4,"minecraft:rabbit":3,"minecraft:fletching_table":10,"minecraft:bamboo":9,"minecraft:glowstone_dust":85,"minecraft:stone_hoe":4,"minecraft:oak_planks":5,"minecraft:sand":1231,"minecraft:jungle_planks":93,"minecraft:dead_bush":8,"minecraft:cyan_bed":5,"minecraft:jungle_slab":28,"minecraft:barrel":6,"minecraft:snout_armor_trim_smithing_template":1,"minecraft:granite":22,"minecraft:bone_meal":24,"minecraft:spruce_sign":1,"minecraft:bread":161,"minecraft:piglin_banner_pattern":1,"minecraft:oak_sapling":2,"minecraft:netherrack":2071,"minecraft:oak_leaves":25,"minecraft:crimson_roots":2,"minecraft:diamond_pickaxe":3,"minecraft:cocoa_beans":3,"minecraft:crafting_table":9,"minecraft:sandstone_slab":9,"minecraft:ladder":2,"minecraft:brown_mushroom":1,"minecraft:shield":3,"minecraft:iron_axe":3,"minecraft:flint_and_steel":4,"minecraft:blackstone":146,"minecraft:cracked_stone_bricks":1,"minecraft:beef":14,"minecraft:jungle_sapling":12,"minecraft:poppy":27,"minecraft:lectern":19,"minecraft:chest":6,"minecraft:sugar_cane":99,"minecraft:birch_sapling":48,"minecraft:spruce_trapdoor":3,"minecraft:egg":1,"minecraft:dark_oak_sapling":2,"minecraft:sandstone":18,"minecraft:stone":27,"minecraft:copper_ingot":3,"minecraft:carrot":192,"minecraft:dark_oak_planks":67,"minecraft:jungle_sign":6,"minecraft:smooth_sandstone_slab":3,"minecraft:stone_shovel":11,"minecraft:arrow":4,"minecraft:diamond_chestplate":5,"minecraft:pumpkin_pie":4,"minecraft:nether_bricks":32,"minecraft:diamond_boots":1,"minecraft:gold_ingot":6,"minecraft:bone_block":183,"minecraft:lime_bed":27,"minecraft:birch_leaves":135,"minecraft:jungle_boat":3,"minecraft:basalt":407,"minecraft:golden_carrot":26,"minecraft:glow_ink_sac":4,"minecraft:salmon":2,"minecraft:leather":11,"minecraft:cut_sandstone":31,"minecraft:jungle_fence":5,"minecraft:birch_planks":551,"minecraft:ancient_debris":1,"minecraft:oak_log":3,"minecraft:chainmail_chestplate":2,"minecraft:jungle_button":122,"minecraft:gunpowder":18,"minecraft:smooth_sandstone":85,"minecraft:warped_stem":20,"minecraft:rabbit_hide":1,"minecraft:iron_ingot":102,"minecraft:stone_pickaxe":19,"minecraft:acacia_sapling":3,"minecraft:soul_sand":135,"minecraft:dark_oak_stairs":1,"minecraft:green_dye":1,"minecraft:dark_oak_slab":44,"minecraft:warped_fungus":2,"minecraft:birch_boat":6,"minecraft:stone_brick_slab":1,"minecraft:quartz":312,"minecraft:gravel":65,"minecraft:lava_bucket":3,"minecraft:spruce_sapling":44,"minecraft:blast_furnace":6,"minecraft:spruce_log":399,"minecraft:crying_obsidian":3,"minecraft:spider_eye":3,"minecraft:diamond_shovel":7,"minecraft:stone_axe":1,"minecraft:diamond_axe":4,"minecraft:birch_sign":1,"minecraft:cherry_sapling":7,"minecraft:warped_roots":8,"minecraft:terracotta":6,"minecraft:warped_nylium":1,"minecraft:coal":109,"minecraft:hopper":5,"minecraft:ender_pearl":2,"minecraft:sunflower":4},"minecraft:dropped":{"minecraft:birch_planks":7,"minecraft:diamond_axe":2,"minecraft:warped_fungus":2,"minecraft:cookie":108,"minecraft:warped_roots":7,"minecraft:leather":2,"minecraft:jungle_planks":3,"minecraft:dirt":9,"minecraft:cherry_leaves":6,"minecraft:pumpkin_pie":12,"minecraft:gold_nugget":5,"minecraft:sand":3,"minecraft:iron_pickaxe":1,"minecraft:gold_ingot":1,"minecraft:bone":1,"minecraft:gravel":17,"minecraft:stone_axe":12,"minecraft:ancient_debris":1,"minecraft:obsidian":11,"minecraft:rotten_flesh":7,"minecraft:diamond_shovel":6,"minecraft:glowstone_dust":9,"minecraft:nether_brick_fence":1,"minecraft:carrot":256,"minecraft:chainmail_chestplate":22,"minecraft:sandstone_wall":3,"minecraft:poppy":1,"minecraft:chainmail_boots":12,"minecraft:basalt":2,"minecraft:arrow":2,"minecraft:crying_obsidian":3,"minecraft:netherrack":262,"minecraft:iron_ingot":2,"minecraft:stone_hoe":16,"minecraft:bread":49,"minecraft:wheat_seeds":2,"minecraft:golden_helmet":2,"minecraft:diamond_leggings":2,"minecraft:iron_helmet":8,"minecraft:cobblestone":3,"minecraft:granite":1,"minecraft:stick":69,"minecraft:iron_block":372,"minecraft:golden_carrot":84,"minecraft:torch":3,"minecraft:rabbit":1,"minecraft:melon_slice":1,"minecraft:cooked_salmon":1,"minecraft:dead_bush":4,"minecraft:iron_leggings":17,"minecraft:iron_axe":2,"minecraft:iron_shovel":1,"minecraft:warped_nylium":1,"minecraft:cocoa_beans":3,"minecraft:bowl":2,"minecraft:stone_shovel":32,"minecraft:acacia_leaves":5,"minecraft:flint_and_steel":2,"minecraft:suspicious_stew":6,"minecraft:shroomlight":1,"minecraft:diamond_chestplate":3,"minecraft:spruce_planks":33,"minecraft:diamond_pickaxe":1,"minecraft:oak_sapling":1,"minecraft:golden_sword":1,"minecraft:barrel":4,"minecraft:stone_pickaxe":39,"minecraft:magma_cream":1},"minecraft:custom":{"minecraft:interact_with_crafting_table":119,"minecraft:open_barrel":5,"minecraft:bell_ring":93,"minecraft:leave_game":2,"minecraft:time_since_death":60962,"minecraft:sprint_one_cm":1640690,"minecraft:damage_blocked_by_shield":265,"minecraft:drop":289,"minecraft:talked_to_villager":464,"minecraft:play_time":748746,"minecraft:deaths":11,"minecraft:jump":10850,"minecraft:interact_with_brewingstand":1,"minecraft:walk_on_water_one_cm":32187,"minecraft:interact_with_furnace":41,"minecraft:traded_with_villager":830,"minecraft:sleep_in_bed":24,"minecraft:damage_dealt":25350,"minecraft:crouch_one_cm":174743,"minecraft:interact_with_smoker":9,"minecraft:interact_with_smithing_table":2,"minecraft:mob_kills":99,"minecraft:inspect_hopper":11,"minecraft:climb_one_cm":26874,"minecraft:walk_one_cm":875195,"minecraft:sneak_time":54770,"minecraft:walk_under_water_one_cm":14839,"minecraft:boat_one_cm":8446,"minecraft:interact_with_blast_furnace":12,"minecraft:total_world_time":748746,"minecraft:time_since_rest":15516,"minecraft:damage_taken":10712,"minecraft:swim_one_cm":69561,"minecraft:fly_one_cm":2220254,"minecraft:open_chest":424,"minecraft:fall_one_cm":275124},"minecraft:killed_by":{"minecraft:wither_skeleton":1,"minecraft:magma_cube":1,"minecraft:husk":1,"minecraft:iron_golem":1,"minecraft:skeleton":3},"minecraft:broken":{"minecraft:iron_shovel":1,"minecraft:diamond_pickaxe":1,"minecraft:stone_sword":1,"minecraft:iron_axe":3},"minecraft:used":{"minecraft:nether_brick_fence":6,"minecraft:cherry_sapling":6,"minecraft:iron_shovel":387,"minecraft:ladder":2,"minecraft:chest":6,"minecraft:shield":5,"minecraft:stone":3,"minecraft:bell":5,"minecraft:rotten_flesh":1,"minecraft:soul_sand":5,"minecraft:birch_pressure_plate":33,"minecraft:jungle_planks":101,"minecraft:nether_bricks":9,"minecraft:carrot":1,"minecraft:jungle_slab":10,"minecraft:acacia_sapling":2,"minecraft:obsidian":21,"minecraft:lava_bucket":14,"minecraft:villager_spawn_egg":3,"minecraft:birch_sapling":1,"minecraft:dark_oak_slab":111,"minecraft:birch_trapdoor":8,"minecraft:birch_button":47,"minecraft:jungle_button":501,"minecraft:furnace":2,"minecraft:dark_oak_stairs":1,"minecraft:birch_leaves":58,"minecraft:jungle_fence":1,"minecraft:blackstone_stairs":7,"minecraft:sandstone":27,"minecraft:composter":10,"minecraft:diamond_axe":747,"minecraft:jungle_boat":3,"minecraft:oak_leaves":1,"minecraft:sand":122,"minecraft:blast_furnace":8,"minecraft:shears":192,"minecraft:lightning_rod":1,"minecraft:bread":82,"minecraft:birch_slab":6,"minecraft:cyan_bed":1,"minecraft:melon_slice":2,"minecraft:lectern":20,"minecraft:gravel":39,"minecraft:golden_helmet":2,"minecraft:blackstone_slab":12,"minecraft:jungle_sign":13,"minecraft:smithing_table":14,"minecraft:birch_log":16,"minecraft:bone_meal":17,"minecraft:stone_sword":1,"minecraft:flint_and_steel":12,"minecraft:stone_shovel":38,"minecraft:spruce_planks":476,"minecraft:cooked_salmon":2,"minecraft:netherrack":1210,"minecraft:torch":10,"minecraft:brewing_stand":1,"minecraft:dirt":67,"minecraft:hopper":13,"minecraft:twisting_vines":9,"minecraft:granite":5,"minecraft:iron_block":8,"minecraft:iron_axe":993,"minecraft:smooth_sandstone":27,"minecraft:barrel":5,"minecraft:bamboo":1,"minecraft:diamond_chestplate":1,"minecraft:golden_carrot":66,"minecraft:dark_oak_pressure_plate":1,"minecraft:cooked_beef":1,"minecraft:water_bucket":55,"minecraft:birch_planks":70,"minecraft:birch_boat":5,"minecraft:cut_sandstone":11,"minecraft:spruce_sign":6,"minecraft:stonecutter":1,"minecraft:fletching_table":12,"minecraft:green_bed":5,"minecraft:cobblestone_slab":52,"minecraft:cracked_stone_bricks":1,"minecraft:lime_bed":24,"minecraft:crafting_table":21,"minecraft:smoker":4,"minecraft:spruce_log":5,"minecraft:oak_log":1,"minecraft:diamond_pickaxe":4727,"minecraft:apple":2,"minecraft:diamond_shovel":193,"minecraft:iron_pickaxe":303,"minecraft:suspicious_stew":2,"minecraft:spruce_trapdoor":13,"minecraft:spruce_sapling":31,"minecraft:stone_axe":13,"minecraft:cobblestone":117,"minecraft:cooked_porkchop":1,"minecraft:bucket":69,"minecraft:pumpkin_pie":12,"minecraft:sea_pickle":12,"minecraft:smooth_stone":1}},"DataVersion":3955}