{"stats":{"minecraft:mined":{"minecraft:tall_grass":4,"minecraft:short_grass":8},"minecraft:used":{"minecraft:white_bed":1},"minecraft:custom":{"minecraft:jump":43,"minecraft:time_since_rest":390,"minecraft:damage_dealt":180,"minecraft:leave_game":1,"minecraft:sprint_one_cm":3137,"minecraft:play_time":2779,"minecraft:time_since_death":2779,"minecraft:walk_one_cm":3845,"minecraft:sleep_in_bed":1,"minecraft:total_world_time":2779,"minecraft:mob_kills":1,"minecraft:fall_one_cm":1045,"minecraft:fly_one_cm":6458},"minecraft:picked_up":{"minecraft:beef":3,"minecraft:leather":2,"minecraft:wheat_seeds":4},"minecraft:killed":{"minecraft:cow":1}},"DataVersion":3955}