{"stats":{"minecraft:picked_up":{"minecraft:cocoa_beans":3,"minecraft:crafting_table":6,"minecraft:wheat":36,"minecraft:sandstone_slab":7,"minecraft:flower_pot":2,"minecraft:smithing_table":1,"minecraft:brewing_stand":1,"minecraft:shield":1,"minecraft:raw_copper":12,"minecraft:iron_axe":1,"minecraft:cooked_salmon":1,"minecraft:sea_pickle":10,"minecraft:smooth_stone":1,"minecraft:bucket":5,"minecraft:spruce_planks":109,"minecraft:beef":1,"minecraft:jungle_sapling":10,"minecraft:poppy":7,"minecraft:iron_pickaxe":7,"minecraft:chest":6,"minecraft:melon_slice":1,"minecraft:sugar_cane":59,"minecraft:birch_sapling":3,"minecraft:stick":101,"minecraft:dark_oak_sapling":2,"minecraft:white_glazed_terracotta":1,"minecraft:sandstone":5,"minecraft:stone":11,"minecraft:birch_trapdoor":7,"minecraft:composter":13,"minecraft:copper_ingot":3,"minecraft:torch":11,"minecraft:green_bed":8,"minecraft:lightning_rod":1,"minecraft:dark_oak_planks":65,"minecraft:cauldron":1,"minecraft:jungle_sign":3,"minecraft:smooth_sandstone_slab":1,"minecraft:rotten_flesh":10,"minecraft:cactus":15,"minecraft:pumpkin_pie":4,"minecraft:cobblestone":159,"minecraft:birch_log":15,"minecraft:lime_bed":22,"minecraft:jungle_boat":2,"minecraft:jungle_log":222,"minecraft:water_bucket":1,"minecraft:glow_ink_sac":4,"minecraft:birch_slab":22,"minecraft:salmon":2,"minecraft:cut_sandstone":22,"minecraft:jungle_fence":5,"minecraft:smoker":2,"minecraft:birch_planks":58,"minecraft:flint":11,"minecraft:jungle_button":82,"minecraft:gunpowder":14,"minecraft:dirt":13,"minecraft:smooth_sandstone":53,"minecraft:bone":4,"minecraft:stonecutter":1,"minecraft:wheat_seeds":1,"minecraft:bell":4,"minecraft:rabbit_hide":1,"minecraft:stone_pickaxe":12,"minecraft:iron_ingot":41,"minecraft:rabbit":1,"minecraft:fletching_table":6,"minecraft:dark_oak_stairs":1,"minecraft:green_dye":1,"minecraft:dark_oak_slab":44,"minecraft:gravel":42,"minecraft:jungle_planks":85,"minecraft:sand":935,"minecraft:spruce_sapling":37,"minecraft:blast_furnace":2,"minecraft:spruce_log":203,"minecraft:dead_bush":8,"minecraft:cyan_bed":5,"minecraft:jungle_slab":14,"minecraft:barrel":1,"minecraft:granite":16,"minecraft:birch_sign":1,"minecraft:bone_meal":24,"minecraft:bread":111,"minecraft:terracotta":5,"minecraft:oak_sapling":2,"minecraft:coal":101},"minecraft:killed":{"minecraft:spider":1,"minecraft:skeleton":3,"minecraft:salmon":2,"minecraft:iron_golem":9,"minecraft:creeper":2,"minecraft:zombie":1,"minecraft:glow_squid":2,"minecraft:cow":1},"minecraft:mined":{"minecraft:spruce_planks":117,"minecraft:jungle_leaves":12,"minecraft:potted_cactus":2,"minecraft:brewing_stand":1,"minecraft:granite":4,"minecraft:grass_block":8,"minecraft:jungle_planks":44,"minecraft:jungle_log":179,"minecraft:birch_slab":6,"minecraft:spruce_leaves":4,"minecraft:composter":9,"minecraft:sandstone":5,"minecraft:smooth_stone":2,"minecraft:spruce_sapling":5,"minecraft:barrel":1,"minecraft:fletching_table":6,"minecraft:dark_oak_stairs":1,"minecraft:white_glazed_terracotta":1,"minecraft:bell":4,"minecraft:water_cauldron":1,"minecraft:vine":3,"minecraft:birch_wall_sign":1,"minecraft:stone":45,"minecraft:green_bed":9,"minecraft:smithing_table":1,"minecraft:jungle_button":10,"minecraft:sandstone_slab":3,"minecraft:cut_sandstone":9,"minecraft:smoker":2,"minecraft:smooth_sandstone":23,"minecraft:crafting_table":5,"minecraft:short_grass":2,"minecraft:blast_furnace":2,"minecraft:chest":6,"minecraft:dead_bush":4,"minecraft:lightning_rod":1,"minecraft:copper_ore":5,"minecraft:cobblestone":13,"minecraft:cyan_bed":5,"minecraft:sugar_cane":1,"minecraft:oak_planks":1,"minecraft:smooth_sandstone_slab":1,"minecraft:wall_torch":1,"minecraft:birch_sapling":1,"minecraft:birch_planks":12,"minecraft:lime_bed":22,"minecraft:dark_oak_slab":11,"minecraft:sea_pickle":5,"minecraft:birch_log":8,"minecraft:birch_trapdoor":7,"minecraft:spruce_log":100,"minecraft:jungle_fence":3,"minecraft:coal_ore":30,"minecraft:cocoa":1,"minecraft:dark_oak_sapling":1,"minecraft:sand":321,"minecraft:gravel":50,"minecraft:dirt":2,"minecraft:terracotta":1,"minecraft:stonecutter":1,"minecraft:oak_leaves":5,"minecraft:jungle_wall_sign":2},"minecraft:crafted":{"minecraft:jungle_button":456,"minecraft:smooth_stone":14,"minecraft:stone_shovel":1,"minecraft:barrel":4,"minecraft:birch_slab":24,"minecraft:lightning_rod":1,"minecraft:furnace":2,"minecraft:blast_furnace":2,"minecraft:stone":25,"minecraft:bone_meal":36,"minecraft:iron_axe":2,"minecraft:melon_seeds":1,"minecraft:stone_pickaxe":10,"minecraft:chest":3,"minecraft:birch_sign":3,"minecraft:smoker":2,"minecraft:cooked_beef":1,"minecraft:emerald":34,"minecraft:crafting_table":4,"minecraft:spruce_planks":432,"minecraft:jungle_boat":3,"minecraft:smithing_table":1,"minecraft:cooked_salmon":2,"minecraft:copper_ingot":12,"minecraft:fletching_table":3,"minecraft:birch_planks":156,"minecraft:jungle_slab":18,"minecraft:bread":72,"minecraft:air":0,"minecraft:jungle_planks":796,"minecraft:spruce_trapdoor":10,"minecraft:dark_oak_slab":126,"minecraft:paper":3,"minecraft:stick":765,"minecraft:iron_pickaxe":1,"minecraft:birch_trapdoor":10,"minecraft:iron_shovel":2,"minecraft:pumpkin_pie":24,"minecraft:torch":4,"minecraft:jungle_sign":9},"minecraft:broken":{"minecraft:iron_shovel":1,"minecraft:iron_axe":3},"minecraft:dropped":{"minecraft:bread":32,"minecraft:wheat_seeds":1,"minecraft:jungle_planks":3,"minecraft:stick":67,"minecraft:cooked_salmon":1,"minecraft:dead_bush":4,"minecraft:pumpkin_pie":12,"minecraft:cocoa_beans":3,"minecraft:stone_shovel":1,"minecraft:rotten_flesh":5,"minecraft:oak_sapling":1,"minecraft:stone_pickaxe":22},"minecraft:killed_by":{"minecraft:husk":1,"minecraft:skeleton":3},"minecraft:used":{"minecraft:iron_shovel":305,"minecraft:stone_shovel":38,"minecraft:chest":4,"minecraft:spruce_planks":284,"minecraft:stone":1,"minecraft:bell":4,"minecraft:cooked_salmon":2,"minecraft:rotten_flesh":1,"minecraft:torch":1,"minecraft:dirt":10,"minecraft:jungle_planks":67,"minecraft:jungle_slab":3,"minecraft:lava_bucket":1,"minecraft:iron_axe":611,"minecraft:birch_sapling":1,"minecraft:smooth_sandstone":9,"minecraft:dark_oak_slab":111,"minecraft:barrel":5,"minecraft:birch_trapdoor":8,"minecraft:jungle_button":452,"minecraft:cooked_beef":1,"minecraft:dark_oak_stairs":1,"minecraft:water_bucket":33,"minecraft:birch_planks":54,"minecraft:jungle_fence":1,"minecraft:composter":8,"minecraft:cut_sandstone":3,"minecraft:fletching_table":8,"minecraft:green_bed":3,"minecraft:jungle_boat":3,"minecraft:sand":70,"minecraft:lime_bed":16,"minecraft:crafting_table":8,"minecraft:blast_furnace":3,"minecraft:smoker":3,"minecraft:lightning_rod":1,"minecraft:spruce_log":2,"minecraft:apple":2,"minecraft:bread":42,"minecraft:birch_slab":6,"minecraft:cyan_bed":1,"minecraft:melon_slice":2,"minecraft:iron_pickaxe":208,"minecraft:spruce_trapdoor":10,"minecraft:spruce_sapling":19,"minecraft:gravel":39,"minecraft:jungle_sign":12,"minecraft:cobblestone":58,"minecraft:cooked_porkchop":1,"minecraft:smithing_table":2,"minecraft:bucket":33,"minecraft:birch_log":3,"minecraft:pumpkin_pie":12,"minecraft:bone_meal":12,"minecraft:smooth_stone":1},"minecraft:custom":{"minecraft:mob_kills":21,"minecraft:interact_with_crafting_table":60,"minecraft:bell_ring":88,"minecraft:time_since_death":9228,"minecraft:climb_one_cm":7958,"minecraft:sprint_one_cm":509513,"minecraft:walk_one_cm":294696,"minecraft:drop":39,"minecraft:talked_to_villager":140,"minecraft:play_time":299876,"minecraft:deaths":5,"minecraft:sneak_time":19406,"minecraft:walk_under_water_one_cm":6317,"minecraft:boat_one_cm":5166,"minecraft:jump":3139,"minecraft:interact_with_blast_furnace":9,"minecraft:walk_on_water_one_cm":10478,"minecraft:total_world_time":299876,"minecraft:interact_with_furnace":40,"minecraft:traded_with_villager":61,"minecraft:sleep_in_bed":11,"minecraft:time_since_rest":9254,"minecraft:damage_taken":3359,"minecraft:damage_dealt":9541,"minecraft:swim_one_cm":45648,"minecraft:fly_one_cm":667817,"minecraft:open_chest":66,"minecraft:crouch_one_cm":53687,"minecraft:interact_with_smoker":9,"minecraft:fall_one_cm":68569}},"DataVersion":3955}