{"stats":{"minecraft:mined":{"minecraft:short_grass":2,"minecraft:vine":1},"minecraft:picked_up":{"minecraft:wheat_seeds":1},"minecraft:dropped":{"minecraft:wheat_seeds":1},"minecraft:custom":{"minecraft:jump":14,"minecraft:time_since_rest":374,"minecraft:leave_game":1,"minecraft:damage_dealt":6,"minecraft:crouch_one_cm":92,"minecraft:deaths":1,"minecraft:sprint_one_cm":669,"minecraft:play_time":1677,"minecraft:damage_taken":310,"minecraft:time_since_death":334,"minecraft:walk_one_cm":936,"minecraft:sneak_time":23,"minecraft:climb_one_cm":653,"minecraft:total_world_time":1677,"minecraft:drop":1,"minecraft:fall_one_cm":3868,"minecraft:fly_one_cm":2382}},"DataVersion":3955}