{"stats":{"minecraft:crafted":{"minecraft:brick":32,"minecraft:oak_planks":108,"minecraft:birch_boat":1,"minecraft:stone":5,"minecraft:cooked_mutton":5,"minecraft:dark_oak_door":3,"minecraft:bow":1,"minecraft:iron_boots":2,"minecraft:chest":31,"minecraft:cherry_fence":21,"minecraft:flower_pot":8,"minecraft:golden_boots":1,"minecraft:arrow":64,"minecraft:emerald":119,"minecraft:diamond_axe":2,"minecraft:crafting_table":7,"minecraft:spruce_planks":548,"minecraft:iron_helmet":2,"minecraft:birch_planks":4,"minecraft:dark_oak_slab":294,"minecraft:iron_chestplate":2,"minecraft:diamond_pickaxe":2,"minecraft:shield":1,"minecraft:stick":4390,"minecraft:iron_ingot":5,"minecraft:iron_pickaxe":2,"minecraft:gold_ingot":7,"minecraft:composter":1,"minecraft:cherry_planks":180,"minecraft:stone_shovel":2,"minecraft:furnace":25,"minecraft:dark_oak_fence":45,"minecraft:spruce_stairs":32,"minecraft:iron_axe":1,"minecraft:ladder":27,"minecraft:jungle_fence":48,"minecraft:dark_oak_planks":908,"minecraft:cooked_beef":18,"minecraft:diamond_sword":2,"minecraft:dark_oak_stairs":36,"minecraft:bucket":1,"minecraft:jungle_slab":12,"minecraft:air":0,"minecraft:acacia_boat":1,"minecraft:jungle_planks":1460,"minecraft:iron_shovel":1,"minecraft:cherry_door":6,"minecraft:iron_leggings":2,"minecraft:white_bed":1,"minecraft:acacia_planks":28,"minecraft:torch":96},"minecraft:killed_by":{"minecraft:wither_skeleton":1,"minecraft:creeper":1,"minecraft:magma_cube":1,"minecraft:blaze":1,"minecraft:husk":1,"minecraft:skeleton":2},"minecraft:used":{"minecraft:nether_brick_fence":2,"minecraft:cherry_sapling":30,"minecraft:iron_shovel":102,"minecraft:ladder":14,"minecraft:chest":45,"minecraft:shield":30,"minecraft:stone":5,"minecraft:iron_sword":88,"minecraft:bell":1,"minecraft:jungle_planks":137,"minecraft:dark_oak_slab":301,"minecraft:bow":5,"minecraft:furnace":42,"minecraft:dark_oak_sapling":1,"minecraft:dark_oak_stairs":65,"minecraft:jungle_fence":46,"minecraft:oak_planks":11,"minecraft:composter":1,"minecraft:diamond_axe":1635,"minecraft:sand":228,"minecraft:blast_furnace":2,"minecraft:dripstone_block":2,"minecraft:dark_oak_log":120,"minecraft:bread":17,"minecraft:melon_slice":11,"minecraft:cyan_bed":4,"minecraft:gravel":1,"minecraft:diamond_sword":170,"minecraft:dark_oak_fence":32,"minecraft:smithing_table":5,"minecraft:flint_and_steel":38,"minecraft:stone_shovel":191,"minecraft:spruce_planks":329,"minecraft:netherrack":580,"minecraft:torch":120,"minecraft:brewing_stand":2,"minecraft:dirt":217,"minecraft:spruce_stairs":34,"minecraft:twisting_vines":7,"minecraft:granite":1,"minecraft:dark_oak_planks":224,"minecraft:iron_axe":254,"minecraft:smooth_sandstone":10,"minecraft:jungle_log":1,"minecraft:polished_blackstone_brick_stairs":1,"minecraft:barrel":4,"minecraft:bamboo":52,"minecraft:basalt":2,"minecraft:golden_carrot":57,"minecraft:soul_soil":1,"minecraft:cooked_beef":19,"minecraft:cobbled_deepslate":20,"minecraft:cherry_fence":13,"minecraft:cooked_mutton":5,"minecraft:wheat_seeds":5,"minecraft:acacia_boat":6,"minecraft:water_bucket":23,"minecraft:birch_planks":5,"minecraft:birch_boat":1,"minecraft:cherry_planks":141,"minecraft:stonecutter":1,"minecraft:fletching_table":7,"minecraft:polished_blackstone_bricks":4,"minecraft:stripped_dark_oak_log":2,"minecraft:lime_bed":2,"minecraft:crafting_table":13,"minecraft:white_bed":6,"minecraft:spruce_log":8,"minecraft:smoker":3,"minecraft:dark_oak_door":2,"minecraft:flower_pot":4,"minecraft:diamond_pickaxe":4253,"minecraft:apple":1,"minecraft:diamond_shovel":544,"minecraft:cherry_door":2,"minecraft:suspicious_stew":1,"minecraft:iron_pickaxe":137,"minecraft:stone_axe":20,"minecraft:cobblestone":75,"minecraft:bucket":23,"minecraft:pumpkin_pie":9,"minecraft:smooth_stone":18},"minecraft:dropped":{"minecraft:crimson_stem":4,"minecraft:birch_planks":7,"minecraft:lime_terracotta":3,"minecraft:jungle_planks":17,"minecraft:dirt":10,"minecraft:jungle_button":5,"minecraft:polished_blackstone_brick_stairs":1,"minecraft:cut_sandstone":5,"minecraft:sand":2,"minecraft:iron_pickaxe":1,"minecraft:dark_oak_planks":64,"minecraft:bone":1,"minecraft:gravel":9,"minecraft:sugar_cane":4,"minecraft:wheat":5,"minecraft:rotten_flesh":3,"minecraft:oak_planks":2,"minecraft:azure_bluet":2,"minecraft:chainmail_chestplate":1,"minecraft:sandstone_wall":3,"minecraft:lime_bed":2,"minecraft:jungle_log":23,"minecraft:acacia_sapling":2,"minecraft:arrow":3,"minecraft:netherrack":196,"minecraft:iron_ingot":2,"minecraft:bread":6,"minecraft:wheat_seeds":19,"minecraft:feather":3,"minecraft:cobblestone":1,"minecraft:stick":13,"minecraft:golden_carrot":5,"minecraft:torch":1,"minecraft:iron_leggings":1,"minecraft:iron_shovel":2,"minecraft:soul_soil":6,"minecraft:raw_copper":2,"minecraft:bowl":1,"minecraft:composter":2,"minecraft:stone_shovel":6,"minecraft:suspicious_stew":2,"minecraft:lightning_rod":1,"minecraft:spruce_trapdoor":8,"minecraft:iron_chestplate":3,"minecraft:oak_sapling":2,"minecraft:birch_sign":1,"minecraft:sandstone":5,"minecraft:stone_pickaxe":5,"minecraft:magma_block":2,"minecraft:cyan_bed":2,"minecraft:brick":8,"minecraft:terracotta":1},"minecraft:killed":{"minecraft:skeleton":2,"minecraft:chicken":2,"minecraft:piglin_brute":2,"minecraft:magma_cube":7,"minecraft:piglin":4,"minecraft:pig":1,"minecraft:salmon":1,"minecraft:sheep":3,"minecraft:zombie":5,"minecraft:goat":1,"minecraft:blaze":31,"minecraft:cow":9,"minecraft:husk":1,"minecraft:hoglin":2,"minecraft:enderman":3},"minecraft:custom":{"minecraft:interact_with_crafting_table":67,"minecraft:bell_ring":55,"minecraft:leave_game":3,"minecraft:time_since_death":9898,"minecraft:sprint_one_cm":1133973,"minecraft:damage_blocked_by_shield":1618,"minecraft:drop":124,"minecraft:talked_to_villager":120,"minecraft:play_time":551034,"minecraft:deaths":11,"minecraft:jump":8790,"minecraft:walk_on_water_one_cm":20329,"minecraft:interact_with_furnace":35,"minecraft:traded_with_villager":126,"minecraft:sleep_in_bed":18,"minecraft:damage_dealt":12956,"minecraft:crouch_one_cm":311212,"minecraft:interact_with_smoker":4,"minecraft:mob_kills":79,"minecraft:inspect_hopper":2,"minecraft:climb_one_cm":36394,"minecraft:walk_one_cm":1163255,"minecraft:sneak_time":78490,"minecraft:walk_under_water_one_cm":38186,"minecraft:boat_one_cm":74702,"minecraft:interact_with_blast_furnace":8,"minecraft:total_world_time":551034,"minecraft:pot_flower":4,"minecraft:time_since_rest":9924,"minecraft:damage_taken":9722,"minecraft:swim_one_cm":47841,"minecraft:fly_one_cm":1302375,"minecraft:open_chest":341,"minecraft:fall_one_cm":215219},"minecraft:mined":{"minecraft:dark_oak_planks":6,"minecraft:white_bed":5,"minecraft:spruce_planks":196,"minecraft:blackstone_stairs":1,"minecraft:cherry_log":49,"minecraft:sculk_vein":1,"minecraft:jungle_leaves":54,"minecraft:brewing_stand":2,"minecraft:obsidian":3,"minecraft:spruce_trapdoor":4,"minecraft:granite":13,"minecraft:acacia_log":8,"minecraft:grass_block":498,"minecraft:jungle_log":412,"minecraft:cracked_polished_blackstone_bricks":5,"minecraft:soul_soil":2,"minecraft:composter":1,"minecraft:smooth_stone":10,"minecraft:polished_blackstone_bricks":6,"minecraft:tall_seagrass":1,"minecraft:magma_block":3,"minecraft:iron_ore":4,"minecraft:fire":18,"minecraft:fletching_table":6,"minecraft:azure_bluet":2,"minecraft:dark_oak_stairs":34,"minecraft:twisting_vines":1,"minecraft:dirt_path":2,"minecraft:cut_sandstone":3,"minecraft:blackstone":85,"minecraft:twisting_vines_plant":4,"minecraft:smoker":3,"minecraft:clay":19,"minecraft:torch":8,"minecraft:blast_furnace":2,"minecraft:poppy":2,"minecraft:melon":10,"minecraft:chest":15,"minecraft:dead_bush":20,"minecraft:nether_quartz_ore":19,"minecraft:cobblestone":52,"minecraft:oak_planks":5,"minecraft:cyan_bed":3,"minecraft:sugar_cane":13,"minecraft:wall_torch":10,"minecraft:seagrass":3,"minecraft:cherry_fence":1,"minecraft:warped_nylium":2,"minecraft:dark_oak_slab":109,"minecraft:dark_oak_door":2,"minecraft:birch_log":18,"minecraft:wheat":5,"minecraft:warped_fungus":1,"minecraft:oak_log":36,"minecraft:lime_terracotta":3,"minecraft:sand":235,"minecraft:dirt":147,"minecraft:red_mushroom_block":2,"minecraft:stonecutter":1,"minecraft:netherrack":2588,"minecraft:oak_leaves":241,"minecraft:deepslate":18,"minecraft:nether_gold_ore":31,"minecraft:dark_oak_leaves":15,"minecraft:deepslate_diamond_ore":4,"minecraft:cherry_sapling":2,"minecraft:dark_oak_log":352,"minecraft:nether_bricks":4,"minecraft:jungle_planks":4,"minecraft:spruce_leaves":2,"minecraft:crimson_stem":4,"minecraft:furnace":15,"minecraft:nether_sprouts":1,"minecraft:bell":1,"minecraft:nether_brick_fence":4,"minecraft:vine":96,"minecraft:bamboo_sapling":2,"minecraft:bamboo":20,"minecraft:stone":1307,"minecraft:smithing_table":5,"minecraft:podzol":8,"minecraft:cherry_planks":1,"minecraft:stripped_dark_oak_log":8,"minecraft:basalt":74,"minecraft:dandelion":4,"minecraft:smooth_sandstone":8,"minecraft:crafting_table":7,"minecraft:short_grass":126,"minecraft:warped_roots":4,"minecraft:copper_ore":1,"minecraft:polished_blackstone_brick_stairs":2,"minecraft:diorite":8,"minecraft:warped_wart_block":2,"minecraft:spruce_stairs":4,"minecraft:birch_planks":8,"minecraft:lime_bed":2,"minecraft:sea_pickle":4,"minecraft:spruce_log":152,"minecraft:birch_leaves":13,"minecraft:jungle_fence":7,"minecraft:coal_ore":61,"minecraft:cherry_leaves":53,"minecraft:gravel":26,"minecraft:dripstone_block":2,"minecraft:terracotta":1,"minecraft:fern":40},"minecraft:broken":{"minecraft:stone_axe":1,"minecraft:stone_shovel":1,"minecraft:iron_axe":1,"minecraft:iron_pickaxe":1},"minecraft:picked_up":{"minecraft:birch_door":2,"minecraft:iron_chestplate":3,"minecraft:wheat":5,"minecraft:flower_pot":4,"minecraft:nether_brick_fence":8,"minecraft:suspicious_stew":5,"minecraft:smithing_table":5,"minecraft:diamond_sword":3,"minecraft:brewing_stand":2,"minecraft:polished_blackstone_brick_stairs":2,"minecraft:raw_copper":3,"minecraft:soul_soil":13,"minecraft:iron_leggings":1,"minecraft:sea_pickle":16,"minecraft:diamond_leggings":6,"minecraft:cobbled_deepslate":18,"minecraft:gold_nugget":127,"minecraft:smooth_stone":10,"minecraft:bucket":6,"minecraft:spruce_planks":279,"minecraft:cobblestone_slab":8,"minecraft:iron_pickaxe":1,"minecraft:melon_slice":75,"minecraft:iron_boots":4,"minecraft:furnace":15,"minecraft:dark_oak_door":2,"minecraft:golden_helmet":1,"minecraft:stick":322,"minecraft:composter":2,"minecraft:torch":249,"minecraft:acacia_log":7,"minecraft:spruce_stairs":6,"minecraft:porkchop":3,"minecraft:sandstone_wall":3,"minecraft:lightning_rod":4,"minecraft:cherry_log":49,"minecraft:pointed_dripstone":3,"minecraft:diorite":14,"minecraft:rotten_flesh":8,"minecraft:blaze_rod":15,"minecraft:obsidian":70,"minecraft:blackstone_stairs":6,"minecraft:cobblestone":1529,"minecraft:birch_log":17,"minecraft:magma_block":2,"minecraft:feather":3,"minecraft:cooked_beef":8,"minecraft:cherry_planks":1,"minecraft:water_bucket":1,"minecraft:jungle_log":414,"minecraft:smoker":3,"minecraft:flint":1,"minecraft:cherry_fence":1,"minecraft:acacia_boat":5,"minecraft:lapis_lazuli":21,"minecraft:dirt":775,"minecraft:twisting_vines":10,"minecraft:bone":18,"minecraft:acacia_planks":86,"minecraft:stonecutter":1,"minecraft:wheat_seeds":30,"minecraft:bell":1,"minecraft:fletching_table":6,"minecraft:bamboo":118,"minecraft:oak_planks":10,"minecraft:warped_wart_block":2,"minecraft:lime_terracotta":6,"minecraft:jungle_planks":24,"minecraft:sand":324,"minecraft:cyan_bed":6,"minecraft:spectral_arrow":14,"minecraft:dark_oak_log":348,"minecraft:barrel":4,"minecraft:diamond":19,"minecraft:cracked_polished_blackstone_bricks":1,"minecraft:granite":25,"minecraft:golden_horse_armor":1,"minecraft:bread":109,"minecraft:piglin_banner_pattern":4,"minecraft:oak_sapling":28,"minecraft:netherrack":1744,"minecraft:diamond_pickaxe":10,"minecraft:crafting_table":7,"minecraft:azure_bluet":4,"minecraft:chicken":2,"minecraft:clay_ball":72,"minecraft:shield":5,"minecraft:brick":8,"minecraft:iron_axe":2,"minecraft:iron_shovel":5,"minecraft:beef":19,"minecraft:jungle_sapling":2,"minecraft:poppy":2,"minecraft:sugar_cane":51,"minecraft:chest":14,"minecraft:birch_sapling":2,"minecraft:spruce_trapdoor":8,"minecraft:dark_oak_sapling":1,"minecraft:raw_iron":3,"minecraft:sandstone":10,"minecraft:polished_blackstone_bricks":17,"minecraft:cookie":206,"minecraft:dark_oak_planks":6,"minecraft:arrow":13,"minecraft:stone_shovel":7,"minecraft:diamond_chestplate":5,"minecraft:pumpkin_pie":51,"minecraft:nether_bricks":7,"minecraft:gold_ingot":3,"minecraft:mutton":5,"minecraft:white_wool":3,"minecraft:lime_bed":4,"minecraft:basalt":6,"minecraft:golden_carrot":109,"minecraft:crimson_stem":4,"minecraft:cut_sandstone":5,"minecraft:leather":29,"minecraft:blackstone_slab":5,"minecraft:jungle_fence":6,"minecraft:birch_planks":123,"minecraft:jungle_button":20,"minecraft:oak_log":36,"minecraft:chainmail_chestplate":1,"minecraft:ancient_debris":5,"minecraft:golden_boots":4,"minecraft:smooth_sandstone":10,"minecraft:apple":8,"minecraft:stone_pickaxe":5,"minecraft:acacia_sapling":2,"minecraft:iron_sword":4,"minecraft:dark_oak_stairs":31,"minecraft:dark_oak_slab":66,"minecraft:quartz":18,"minecraft:dandelion":6,"minecraft:dripstone_block":2,"minecraft:gravel":23,"minecraft:spruce_sapling":9,"minecraft:blast_furnace":2,"minecraft:white_bed":5,"minecraft:spruce_log":145,"minecraft:crying_obsidian":4,"minecraft:diamond_shovel":6,"minecraft:iron_helmet":4,"minecraft:diamond_axe":10,"minecraft:birch_sign":1,"minecraft:cherry_sapling":30,"minecraft:warped_roots":6,"minecraft:terracotta":1,"minecraft:stripped_dark_oak_log":7,"minecraft:coal":681,"minecraft:ender_pearl":10}},"DataVersion":3955}