{"stats":{"minecraft:crafted":{"minecraft:brick":32,"minecraft:oak_planks":108,"minecraft:stone_shovel":2,"minecraft:birch_boat":1,"minecraft:furnace":25,"minecraft:stone":5,"minecraft:cooked_mutton":5,"minecraft:dark_oak_door":3,"minecraft:spruce_stairs":28,"minecraft:dark_oak_fence":45,"minecraft:bow":1,"minecraft:iron_boots":1,"minecraft:iron_axe":1,"minecraft:ladder":27,"minecraft:chest":31,"minecraft:jungle_fence":48,"minecraft:dark_oak_planks":908,"minecraft:flower_pot":8,"minecraft:cooked_beef":18,"minecraft:arrow":64,"minecraft:emerald":119,"minecraft:dark_oak_stairs":36,"minecraft:diamond_axe":1,"minecraft:crafting_table":6,"minecraft:spruce_planks":548,"minecraft:iron_helmet":1,"minecraft:birch_planks":4,"minecraft:bucket":1,"minecraft:jungle_slab":12,"minecraft:air":0,"minecraft:jungle_planks":1460,"minecraft:dark_oak_slab":294,"minecraft:iron_chestplate":1,"minecraft:diamond_pickaxe":1,"minecraft:shield":1,"minecraft:stick":4386,"minecraft:iron_ingot":5,"minecraft:iron_pickaxe":2,"minecraft:iron_shovel":1,"minecraft:iron_leggings":1,"minecraft:white_bed":1,"minecraft:composter":1,"minecraft:torch":84},"minecraft:killed_by":{"minecraft:husk":1,"minecraft:creeper":1,"minecraft:skeleton":2},"minecraft:used":{"minecraft:iron_shovel":102,"minecraft:stone_shovel":191,"minecraft:ladder":14,"minecraft:chest":45,"minecraft:spruce_planks":299,"minecraft:shield":15,"minecraft:iron_sword":88,"minecraft:stone":5,"minecraft:bell":1,"minecraft:torch":103,"minecraft:brewing_stand":2,"minecraft:dirt":73,"minecraft:jungle_planks":137,"minecraft:spruce_stairs":29,"minecraft:granite":1,"minecraft:dark_oak_planks":224,"minecraft:iron_axe":254,"minecraft:smooth_sandstone":10,"minecraft:jungle_log":1,"minecraft:dark_oak_slab":301,"minecraft:barrel":4,"minecraft:golden_carrot":11,"minecraft:bow":5,"minecraft:furnace":42,"minecraft:cooked_beef":19,"minecraft:cobbled_deepslate":20,"minecraft:dark_oak_sapling":1,"minecraft:cooked_mutton":5,"minecraft:wheat_seeds":5,"minecraft:dark_oak_stairs":65,"minecraft:water_bucket":21,"minecraft:birch_planks":5,"minecraft:jungle_fence":46,"minecraft:oak_planks":11,"minecraft:birch_boat":1,"minecraft:stonecutter":1,"minecraft:composter":1,"minecraft:diamond_axe":1435,"minecraft:fletching_table":7,"minecraft:sand":228,"minecraft:stripped_dark_oak_log":2,"minecraft:lime_bed":2,"minecraft:crafting_table":12,"minecraft:blast_furnace":2,"minecraft:white_bed":6,"minecraft:dripstone_block":2,"minecraft:spruce_log":8,"minecraft:smoker":3,"minecraft:dark_oak_door":2,"minecraft:flower_pot":4,"minecraft:diamond_pickaxe":1217,"minecraft:apple":1,"minecraft:suspicious_stew":1,"minecraft:diamond_shovel":237,"minecraft:melon_slice":11,"minecraft:dark_oak_log":120,"minecraft:bread":10,"minecraft:cyan_bed":4,"minecraft:iron_pickaxe":137,"minecraft:gravel":1,"minecraft:stone_axe":20,"minecraft:cobblestone":68,"minecraft:dark_oak_fence":32,"minecraft:smithing_table":5,"minecraft:bucket":22,"minecraft:pumpkin_pie":9,"minecraft:smooth_stone":18},"minecraft:dropped":{"minecraft:iron_ingot":2,"minecraft:birch_planks":7,"minecraft:wheat_seeds":19,"minecraft:lime_terracotta":3,"minecraft:feather":3,"minecraft:cobblestone":1,"minecraft:jungle_planks":17,"minecraft:stick":13,"minecraft:dirt":10,"minecraft:jungle_button":5,"minecraft:torch":1,"minecraft:cut_sandstone":5,"minecraft:iron_leggings":1,"minecraft:sand":1,"minecraft:iron_pickaxe":1,"minecraft:iron_shovel":2,"minecraft:dark_oak_planks":64,"minecraft:bowl":1,"minecraft:raw_copper":2,"minecraft:composter":2,"minecraft:stone_shovel":6,"minecraft:wheat":5,"minecraft:rotten_flesh":3,"minecraft:oak_planks":2,"minecraft:azure_bluet":2,"minecraft:chainmail_chestplate":1,"minecraft:lightning_rod":1,"minecraft:sandstone_wall":3,"minecraft:lime_bed":2,"minecraft:spruce_trapdoor":8,"minecraft:iron_chestplate":3,"minecraft:jungle_log":23,"minecraft:oak_sapling":2,"minecraft:birch_sign":1,"minecraft:arrow":2,"minecraft:sandstone":5,"minecraft:stone_pickaxe":5,"minecraft:cyan_bed":2,"minecraft:brick":8,"minecraft:terracotta":1},"minecraft:killed":{"minecraft:skeleton":1,"minecraft:chicken":2,"minecraft:husk":1,"minecraft:pig":1,"minecraft:salmon":1,"minecraft:sheep":3,"minecraft:goat":1,"minecraft:zombie":4,"minecraft:cow":9},"minecraft:custom":{"minecraft:mob_kills":27,"minecraft:inspect_hopper":2,"minecraft:interact_with_crafting_table":54,"minecraft:bell_ring":55,"minecraft:leave_game":3,"minecraft:time_since_death":127108,"minecraft:climb_one_cm":31178,"minecraft:sprint_one_cm":735874,"minecraft:walk_one_cm":769946,"minecraft:damage_blocked_by_shield":728,"minecraft:drop":93,"minecraft:talked_to_villager":120,"minecraft:play_time":383080,"minecraft:deaths":4,"minecraft:sneak_time":48316,"minecraft:walk_under_water_one_cm":34702,"minecraft:boat_one_cm":74374,"minecraft:jump":6096,"minecraft:interact_with_blast_furnace":8,"minecraft:walk_on_water_one_cm":17484,"minecraft:total_world_time":383080,"minecraft:interact_with_furnace":35,"minecraft:traded_with_villager":126,"minecraft:pot_flower":4,"minecraft:sleep_in_bed":14,"minecraft:time_since_rest":1431,"minecraft:damage_taken":3731,"minecraft:damage_dealt":3022,"minecraft:swim_one_cm":44946,"minecraft:fly_one_cm":879066,"minecraft:open_chest":220,"minecraft:crouch_one_cm":175478,"minecraft:interact_with_smoker":4,"minecraft:fall_one_cm":125398},"minecraft:mined":{"minecraft:dark_oak_planks":6,"minecraft:spruce_planks":185,"minecraft:white_bed":5,"minecraft:dark_oak_leaves":15,"minecraft:deepslate_diamond_ore":4,"minecraft:sculk_vein":1,"minecraft:jungle_leaves":54,"minecraft:dark_oak_log":352,"minecraft:brewing_stand":2,"minecraft:spruce_trapdoor":4,"minecraft:granite":13,"minecraft:grass_block":251,"minecraft:jungle_planks":4,"minecraft:jungle_log":403,"minecraft:spruce_leaves":2,"minecraft:composter":1,"minecraft:smooth_stone":10,"minecraft:tall_seagrass":1,"minecraft:furnace":15,"minecraft:iron_ore":4,"minecraft:fire":3,"minecraft:fletching_table":6,"minecraft:azure_bluet":2,"minecraft:dark_oak_stairs":34,"minecraft:bell":1,"minecraft:dirt_path":1,"minecraft:vine":84,"minecraft:bamboo":3,"minecraft:stone":1124,"minecraft:smithing_table":5,"minecraft:podzol":8,"minecraft:cut_sandstone":3,"minecraft:dandelion":4,"minecraft:smoker":3,"minecraft:stripped_dark_oak_log":8,"minecraft:smooth_sandstone":8,"minecraft:clay":19,"minecraft:crafting_table":7,"minecraft:torch":6,"minecraft:short_grass":123,"minecraft:blast_furnace":2,"minecraft:poppy":2,"minecraft:melon":10,"minecraft:chest":15,"minecraft:dead_bush":20,"minecraft:cobblestone":49,"minecraft:copper_ore":1,"minecraft:cyan_bed":3,"minecraft:sugar_cane":13,"minecraft:oak_planks":5,"minecraft:diorite":8,"minecraft:wall_torch":8,"minecraft:spruce_stairs":1,"minecraft:seagrass":3,"minecraft:birch_planks":7,"minecraft:lime_bed":2,"minecraft:sea_pickle":4,"minecraft:birch_log":2,"minecraft:dark_oak_slab":109,"minecraft:wheat":5,"minecraft:spruce_log":152,"minecraft:birch_leaves":11,"minecraft:jungle_fence":7,"minecraft:coal_ore":44,"minecraft:oak_log":35,"minecraft:dripstone_block":2,"minecraft:lime_terracotta":3,"minecraft:gravel":17,"minecraft:sand":235,"minecraft:dirt":100,"minecraft:terracotta":1,"minecraft:red_mushroom_block":2,"minecraft:stonecutter":1,"minecraft:oak_leaves":217,"minecraft:deepslate":18,"minecraft:fern":40},"minecraft:broken":{"minecraft:iron_axe":1,"minecraft:stone_axe":1,"minecraft:iron_pickaxe":1,"minecraft:stone_shovel":1},"minecraft:picked_up":{"minecraft:iron_chestplate":2,"minecraft:crafting_table":7,"minecraft:birch_door":2,"minecraft:wheat":5,"minecraft:azure_bluet":4,"minecraft:suspicious_stew":3,"minecraft:chicken":2,"minecraft:clay_ball":72,"minecraft:smithing_table":5,"minecraft:brick":8,"minecraft:brewing_stand":2,"minecraft:shield":2,"minecraft:iron_axe":1,"minecraft:raw_copper":3,"minecraft:iron_shovel":5,"minecraft:sea_pickle":8,"minecraft:diamond_leggings":1,"minecraft:cobbled_deepslate":18,"minecraft:smooth_stone":10,"minecraft:bucket":2,"minecraft:spruce_planks":226,"minecraft:beef":19,"minecraft:jungle_sapling":1,"minecraft:poppy":2,"minecraft:iron_pickaxe":1,"minecraft:melon_slice":45,"minecraft:sugar_cane":31,"minecraft:chest":14,"minecraft:spruce_trapdoor":8,"minecraft:furnace":15,"minecraft:dark_oak_sapling":1,"minecraft:stick":119,"minecraft:raw_iron":3,"minecraft:sandstone":10,"minecraft:composter":2,"minecraft:torch":220,"minecraft:spruce_stairs":1,"minecraft:sandstone_wall":3,"minecraft:porkchop":3,"minecraft:lightning_rod":4,"minecraft:cookie":98,"minecraft:pointed_dripstone":3,"minecraft:diorite":14,"minecraft:dark_oak_planks":6,"minecraft:diamond_chestplate":1,"minecraft:stone_shovel":7,"minecraft:arrow":7,"minecraft:rotten_flesh":8,"minecraft:pumpkin_pie":48,"minecraft:mutton":5,"minecraft:birch_log":1,"minecraft:white_wool":3,"minecraft:cobblestone":1192,"minecraft:lime_bed":4,"minecraft:cooked_beef":8,"minecraft:feather":3,"minecraft:golden_carrot":48,"minecraft:jungle_log":396,"minecraft:cut_sandstone":5,"minecraft:leather":24,"minecraft:jungle_fence":6,"minecraft:smoker":3,"minecraft:birch_planks":119,"minecraft:flint":1,"minecraft:oak_log":35,"minecraft:chainmail_chestplate":1,"minecraft:jungle_button":20,"minecraft:lapis_lazuli":21,"minecraft:dirt":375,"minecraft:smooth_sandstone":10,"minecraft:bone":4,"minecraft:apple":6,"minecraft:stonecutter":1,"minecraft:wheat_seeds":29,"minecraft:bell":1,"minecraft:stone_pickaxe":5,"minecraft:fletching_table":6,"minecraft:bamboo":40,"minecraft:oak_planks":10,"minecraft:iron_sword":4,"minecraft:dark_oak_stairs":31,"minecraft:dandelion":4,"minecraft:dark_oak_slab":66,"minecraft:lime_terracotta":6,"minecraft:dripstone_block":2,"minecraft:gravel":14,"minecraft:jungle_planks":23,"minecraft:sand":323,"minecraft:spruce_sapling":9,"minecraft:blast_furnace":2,"minecraft:white_bed":5,"minecraft:spruce_log":145,"minecraft:cyan_bed":6,"minecraft:barrel":4,"minecraft:dark_oak_log":348,"minecraft:diamond_shovel":1,"minecraft:diamond":11,"minecraft:granite":25,"minecraft:diamond_axe":5,"minecraft:birch_sign":1,"minecraft:golden_horse_armor":1,"minecraft:bread":74,"minecraft:terracotta":1,"minecraft:oak_sapling":20,"minecraft:stripped_dark_oak_log":7,"minecraft:coal":368,"minecraft:diamond_pickaxe":5}},"DataVersion":3955}