{"stats":{"minecraft:used":{"minecraft:stone_shovel":191,"minecraft:ladder":14,"minecraft:chest":45,"minecraft:shield":15,"minecraft:iron_sword":55,"minecraft:stone":5,"minecraft:bell":1,"minecraft:torch":67,"minecraft:dirt":54,"minecraft:jungle_planks":137,"minecraft:granite":1,"minecraft:dark_oak_planks":224,"minecraft:iron_axe":254,"minecraft:smooth_sandstone":10,"minecraft:jungle_log":1,"minecraft:dark_oak_slab":301,"minecraft:bow":5,"minecraft:furnace":40,"minecraft:cooked_beef":19,"minecraft:cobbled_deepslate":20,"minecraft:dark_oak_sapling":1,"minecraft:cooked_mutton":5,"minecraft:wheat_seeds":5,"minecraft:dark_oak_stairs":62,"minecraft:water_bucket":21,"minecraft:birch_planks":1,"minecraft:jungle_fence":46,"minecraft:oak_planks":10,"minecraft:birch_boat":1,"minecraft:composter":1,"minecraft:diamond_axe":1006,"minecraft:fletching_table":7,"minecraft:sand":106,"minecraft:stripped_dark_oak_log":2,"minecraft:lime_bed":2,"minecraft:crafting_table":10,"minecraft:blast_furnace":1,"minecraft:white_bed":5,"minecraft:dripstone_block":2,"minecraft:spruce_log":8,"minecraft:smoker":1,"minecraft:dark_oak_door":2,"minecraft:diamond_pickaxe":1153,"minecraft:apple":1,"minecraft:dark_oak_log":120,"minecraft:bread":8,"minecraft:cyan_bed":3,"minecraft:iron_pickaxe":137,"minecraft:gravel":1,"minecraft:stone_axe":20,"minecraft:cobblestone":68,"minecraft:dark_oak_fence":32,"minecraft:smithing_table":5,"minecraft:bucket":21,"minecraft:pumpkin_pie":6,"minecraft:smooth_stone":18},"minecraft:killed_by":{"minecraft:husk":1,"minecraft:creeper":1,"minecraft:skeleton":2},"minecraft:crafted":{"minecraft:oak_planks":108,"minecraft:stone_shovel":2,"minecraft:birch_boat":1,"minecraft:furnace":25,"minecraft:stone":5,"minecraft:cooked_mutton":5,"minecraft:dark_oak_door":3,"minecraft:dark_oak_fence":45,"minecraft:bow":1,"minecraft:iron_axe":1,"minecraft:ladder":27,"minecraft:chest":31,"minecraft:jungle_fence":48,"minecraft:dark_oak_planks":908,"minecraft:cooked_beef":18,"minecraft:arrow":64,"minecraft:emerald":103,"minecraft:dark_oak_stairs":36,"minecraft:diamond_axe":1,"minecraft:crafting_table":5,"minecraft:spruce_planks":548,"minecraft:jungle_slab":12,"minecraft:air":0,"minecraft:jungle_planks":1148,"minecraft:dark_oak_slab":294,"minecraft:diamond_pickaxe":1,"minecraft:stick":3530,"minecraft:iron_ingot":5,"minecraft:iron_pickaxe":2,"minecraft:white_bed":1,"minecraft:composter":1,"minecraft:torch":84},"minecraft:broken":{"minecraft:iron_axe":1,"minecraft:stone_axe":1,"minecraft:iron_pickaxe":1,"minecraft:stone_shovel":1},"minecraft:dropped":{"minecraft:iron_ingot":2,"minecraft:wheat_seeds":10,"minecraft:lime_terracotta":3,"minecraft:feather":3,"minecraft:cobblestone":1,"minecraft:jungle_planks":16,"minecraft:stick":13,"minecraft:sand":1,"minecraft:dark_oak_planks":64,"minecraft:raw_copper":2,"minecraft:wheat":5,"minecraft:oak_planks":2,"minecraft:azure_bluet":2,"minecraft:lime_bed":2,"minecraft:jungle_log":23,"minecraft:oak_sapling":1,"minecraft:birch_sign":1,"minecraft:cyan_bed":2},"minecraft:custom":{"minecraft:mob_kills":25,"minecraft:interact_with_crafting_table":46,"minecraft:bell_ring":55,"minecraft:leave_game":3,"minecraft:time_since_death":7202,"minecraft:climb_one_cm":12163,"minecraft:sprint_one_cm":512297,"minecraft:walk_one_cm":537745,"minecraft:damage_blocked_by_shield":728,"minecraft:drop":49,"minecraft:talked_to_villager":109,"minecraft:play_time":263174,"minecraft:deaths":4,"minecraft:sneak_time":41365,"minecraft:walk_under_water_one_cm":27275,"minecraft:boat_one_cm":74374,"minecraft:jump":3630,"minecraft:interact_with_blast_furnace":7,"minecraft:walk_on_water_one_cm":15151,"minecraft:total_world_time":263174,"minecraft:interact_with_furnace":31,"minecraft:traded_with_villager":110,"minecraft:sleep_in_bed":9,"minecraft:time_since_rest":7244,"minecraft:damage_taken":2780,"minecraft:damage_dealt":2797,"minecraft:swim_one_cm":36818,"minecraft:fly_one_cm":627118,"minecraft:open_chest":171,"minecraft:crouch_one_cm":147154,"minecraft:interact_with_smoker":2,"minecraft:fall_one_cm":87851},"minecraft:mined":{"minecraft:dark_oak_planks":6,"minecraft:spruce_planks":4,"minecraft:white_bed":4,"minecraft:dark_oak_leaves":13,"minecraft:deepslate_diamond_ore":4,"minecraft:sculk_vein":1,"minecraft:jungle_leaves":11,"minecraft:dark_oak_log":352,"minecraft:granite":13,"minecraft:grass_block":61,"minecraft:jungle_planks":4,"minecraft:jungle_log":319,"minecraft:spruce_leaves":2,"minecraft:smooth_stone":10,"minecraft:tall_seagrass":1,"minecraft:furnace":13,"minecraft:iron_ore":3,"minecraft:fire":3,"minecraft:fletching_table":6,"minecraft:azure_bluet":2,"minecraft:dark_oak_stairs":28,"minecraft:bell":1,"minecraft:vine":28,"minecraft:stone":1097,"minecraft:smithing_table":5,"minecraft:podzol":8,"minecraft:smoker":1,"minecraft:stripped_dark_oak_log":8,"minecraft:crafting_table":6,"minecraft:smooth_sandstone":8,"minecraft:clay":19,"minecraft:torch":6,"minecraft:short_grass":53,"minecraft:blast_furnace":1,"minecraft:melon":1,"minecraft:chest":15,"minecraft:dead_bush":13,"minecraft:copper_ore":1,"minecraft:cobblestone":44,"minecraft:cyan_bed":3,"minecraft:sugar_cane":13,"minecraft:oak_planks":3,"minecraft:diorite":8,"minecraft:wall_torch":7,"minecraft:seagrass":3,"minecraft:birch_planks":2,"minecraft:lime_bed":2,"minecraft:dark_oak_slab":109,"minecraft:wheat":5,"minecraft:spruce_log":152,"minecraft:birch_leaves":10,"minecraft:jungle_fence":7,"minecraft:coal_ore":37,"minecraft:oak_log":31,"minecraft:sand":135,"minecraft:lime_terracotta":3,"minecraft:gravel":16,"minecraft:dripstone_block":2,"minecraft:dirt":53,"minecraft:oak_leaves":133,"minecraft:deepslate":18,"minecraft:fern":7},"minecraft:killed":{"minecraft:skeleton":1,"minecraft:chicken":2,"minecraft:husk":1,"minecraft:pig":1,"minecraft:sheep":3,"minecraft:goat":1,"minecraft:zombie":4,"minecraft:cow":9},"minecraft:picked_up":{"minecraft:crafting_table":6,"minecraft:birch_door":2,"minecraft:wheat":5,"minecraft:azure_bluet":4,"minecraft:chicken":2,"minecraft:clay_ball":72,"minecraft:smithing_table":5,"minecraft:shield":2,"minecraft:raw_copper":3,"minecraft:iron_shovel":2,"minecraft:cobbled_deepslate":18,"minecraft:smooth_stone":10,"minecraft:bucket":2,"minecraft:spruce_planks":4,"minecraft:beef":19,"minecraft:jungle_sapling":1,"minecraft:melon_slice":4,"minecraft:sugar_cane":31,"minecraft:chest":14,"minecraft:furnace":13,"minecraft:dark_oak_sapling":1,"minecraft:stick":107,"minecraft:raw_iron":3,"minecraft:sandstone":10,"minecraft:torch":218,"minecraft:porkchop":3,"minecraft:lightning_rod":4,"minecraft:pointed_dripstone":3,"minecraft:diorite":14,"minecraft:dark_oak_planks":6,"minecraft:stone_shovel":2,"minecraft:arrow":5,"minecraft:rotten_flesh":6,"minecraft:pumpkin_pie":48,"minecraft:mutton":5,"minecraft:white_wool":3,"minecraft:cobblestone":1170,"minecraft:lime_bed":4,"minecraft:feather":3,"minecraft:cooked_beef":8,"minecraft:jungle_log":315,"minecraft:leather":24,"minecraft:jungle_fence":6,"minecraft:smoker":1,"minecraft:birch_planks":110,"minecraft:flint":1,"minecraft:oak_log":35,"minecraft:jungle_button":20,"minecraft:lapis_lazuli":21,"minecraft:dirt":155,"minecraft:smooth_sandstone":10,"minecraft:bone":3,"minecraft:apple":5,"minecraft:wheat_seeds":20,"minecraft:bell":1,"minecraft:fletching_table":6,"minecraft:oak_planks":9,"minecraft:iron_sword":4,"minecraft:dark_oak_stairs":26,"minecraft:dark_oak_slab":66,"minecraft:lime_terracotta":6,"minecraft:dripstone_block":2,"minecraft:gravel":14,"minecraft:jungle_planks":22,"minecraft:sand":235,"minecraft:spruce_sapling":9,"minecraft:blast_furnace":1,"minecraft:white_bed":4,"minecraft:spruce_log":145,"minecraft:cyan_bed":6,"minecraft:dark_oak_log":348,"minecraft:diamond":11,"minecraft:granite":25,"minecraft:diamond_axe":4,"minecraft:birch_sign":1,"minecraft:golden_horse_armor":1,"minecraft:bread":57,"minecraft:oak_sapling":13,"minecraft:stripped_dark_oak_log":7,"minecraft:coal":361,"minecraft:diamond_pickaxe":4}},"DataVersion":3955}