{"stats":{"minecraft:killed":{"minecraft:skeleton":1,"minecraft:chicken":2,"minecraft:pig":1,"minecraft:sheep":3,"minecraft:goat":1,"minecraft:zombie":4,"minecraft:cow":9},"minecraft:crafted":{"minecraft:oak_planks":20,"minecraft:stone_shovel":2,"minecraft:birch_boat":1,"minecraft:furnace":13,"minecraft:stone":5,"minecraft:cooked_mutton":5,"minecraft:dark_oak_door":3,"minecraft:dark_oak_fence":45,"minecraft:iron_axe":1,"minecraft:ladder":27,"minecraft:chest":18,"minecraft:jungle_fence":48,"minecraft:dark_oak_planks":652,"minecraft:cooked_beef":18,"minecraft:dark_oak_stairs":36,"minecraft:diamond_axe":1,"minecraft:crafting_table":5,"minecraft:air":0,"minecraft:jungle_planks":348,"minecraft:dark_oak_slab":294,"minecraft:diamond_pickaxe":1,"minecraft:stick":252,"minecraft:iron_ingot":2,"minecraft:white_bed":1,"minecraft:torch":84},"minecraft:mined":{"minecraft:dark_oak_planks":6,"minecraft:white_bed":4,"minecraft:dark_oak_leaves":13,"minecraft:deepslate_diamond_ore":4,"minecraft:sculk_vein":1,"minecraft:dark_oak_log":352,"minecraft:jungle_leaves":2,"minecraft:granite":13,"minecraft:grass_block":61,"minecraft:jungle_planks":2,"minecraft:jungle_log":117,"minecraft:spruce_leaves":2,"minecraft:tall_seagrass":1,"minecraft:furnace":8,"minecraft:iron_ore":3,"minecraft:azure_bluet":2,"minecraft:dark_oak_stairs":28,"minecraft:vine":23,"minecraft:stone":1081,"minecraft:podzol":8,"minecraft:smoker":1,"minecraft:stripped_dark_oak_log":8,"minecraft:crafting_table":5,"minecraft:clay":18,"minecraft:torch":6,"minecraft:short_grass":52,"minecraft:blast_furnace":1,"minecraft:melon":1,"minecraft:chest":15,"minecraft:copper_ore":1,"minecraft:cobblestone":41,"minecraft:sugar_cane":2,"minecraft:diorite":8,"minecraft:wall_torch":7,"minecraft:seagrass":3,"minecraft:dark_oak_slab":109,"minecraft:spruce_log":151,"minecraft:birch_leaves":10,"minecraft:jungle_fence":7,"minecraft:oak_log":31,"minecraft:coal_ore":37,"minecraft:sand":42,"minecraft:gravel":16,"minecraft:dripstone_block":2,"minecraft:dirt":53,"minecraft:oak_leaves":131,"minecraft:deepslate":18,"minecraft:fern":7},"minecraft:used":{"minecraft:stone_shovel":128,"minecraft:ladder":14,"minecraft:chest":32,"minecraft:shield":12,"minecraft:stone":5,"minecraft:iron_sword":44,"minecraft:torch":67,"minecraft:dirt":54,"minecraft:jungle_planks":136,"minecraft:granite":1,"minecraft:dark_oak_planks":224,"minecraft:iron_axe":254,"minecraft:jungle_log":1,"minecraft:dark_oak_slab":301,"minecraft:furnace":23,"minecraft:cooked_beef":18,"minecraft:cobbled_deepslate":20,"minecraft:dark_oak_sapling":1,"minecraft:cooked_mutton":5,"minecraft:dark_oak_stairs":62,"minecraft:water_bucket":21,"minecraft:jungle_fence":46,"minecraft:birch_boat":1,"minecraft:diamond_axe":764,"minecraft:stripped_dark_oak_log":2,"minecraft:crafting_table":9,"minecraft:blast_furnace":1,"minecraft:white_bed":5,"minecraft:dripstone_block":2,"minecraft:spruce_log":5,"minecraft:smoker":1,"minecraft:dark_oak_door":2,"minecraft:diamond_pickaxe":1105,"minecraft:dark_oak_log":120,"minecraft:iron_pickaxe":137,"minecraft:gravel":1,"minecraft:stone_axe":20,"minecraft:cobblestone":65,"minecraft:dark_oak_fence":32,"minecraft:bucket":21},"minecraft:picked_up":{"minecraft:crafting_table":5,"minecraft:birch_door":2,"minecraft:azure_bluet":4,"minecraft:chicken":2,"minecraft:clay_ball":72,"minecraft:shield":1,"minecraft:raw_copper":3,"minecraft:cobbled_deepslate":18,"minecraft:bucket":1,"minecraft:beef":19,"minecraft:jungle_sapling":1,"minecraft:melon_slice":4,"minecraft:sugar_cane":4,"minecraft:chest":14,"minecraft:furnace":8,"minecraft:dark_oak_sapling":1,"minecraft:stick":65,"minecraft:raw_iron":3,"minecraft:torch":21,"minecraft:porkchop":3,"minecraft:lightning_rod":1,"minecraft:pointed_dripstone":3,"minecraft:diorite":14,"minecraft:dark_oak_planks":6,"minecraft:arrow":5,"minecraft:stone_shovel":1,"minecraft:rotten_flesh":5,"minecraft:mutton":5,"minecraft:white_wool":3,"minecraft:cobblestone":1151,"minecraft:feather":3,"minecraft:cooked_beef":8,"minecraft:jungle_log":115,"minecraft:leather":24,"minecraft:jungle_fence":6,"minecraft:smoker":1,"minecraft:birch_planks":108,"minecraft:flint":1,"minecraft:oak_log":35,"minecraft:lapis_lazuli":21,"minecraft:dirt":155,"minecraft:bone":3,"minecraft:apple":4,"minecraft:wheat_seeds":5,"minecraft:oak_planks":5,"minecraft:iron_sword":1,"minecraft:dark_oak_stairs":26,"minecraft:dark_oak_slab":66,"minecraft:dripstone_block":2,"minecraft:gravel":14,"minecraft:jungle_planks":3,"minecraft:sand":42,"minecraft:spruce_sapling":9,"minecraft:blast_furnace":1,"minecraft:white_bed":4,"minecraft:spruce_log":144,"minecraft:dark_oak_log":348,"minecraft:diamond":11,"minecraft:granite":25,"minecraft:diamond_axe":1,"minecraft:birch_sign":1,"minecraft:golden_horse_armor":1,"minecraft:oak_sapling":13,"minecraft:stripped_dark_oak_log":7,"minecraft:coal":172,"minecraft:diamond_pickaxe":1},"minecraft:killed_by":{"minecraft:skeleton":1},"minecraft:broken":{"minecraft:iron_axe":1,"minecraft:stone_axe":1,"minecraft:iron_pickaxe":1},"minecraft:dropped":{"minecraft:feather":3,"minecraft:cobblestone":1,"minecraft:dark_oak_planks":64,"minecraft:raw_copper":2,"minecraft:oak_planks":2,"minecraft:azure_bluet":2,"minecraft:jungle_log":23,"minecraft:oak_sapling":1,"minecraft:birch_sign":1},"minecraft:custom":{"minecraft:mob_kills":21,"minecraft:interact_with_crafting_table":39,"minecraft:leave_game":1,"minecraft:time_since_death":45381,"minecraft:climb_one_cm":7026,"minecraft:sprint_one_cm":360227,"minecraft:walk_one_cm":418749,"minecraft:damage_blocked_by_shield":563,"minecraft:drop":11,"minecraft:play_time":186261,"minecraft:deaths":1,"minecraft:sneak_time":34839,"minecraft:walk_under_water_one_cm":26653,"minecraft:boat_one_cm":74374,"minecraft:jump":2245,"minecraft:interact_with_blast_furnace":5,"minecraft:walk_on_water_one_cm":13186,"minecraft:total_world_time":186261,"minecraft:interact_with_furnace":31,"minecraft:sleep_in_bed":7,"minecraft:time_since_rest":45408,"minecraft:damage_taken":1250,"minecraft:damage_dealt":2249,"minecraft:swim_one_cm":25036,"minecraft:fly_one_cm":333323,"minecraft:open_chest":120,"minecraft:crouch_one_cm":123387,"minecraft:interact_with_smoker":2,"minecraft:fall_one_cm":52154}},"DataVersion":3955}